title,platform,score,release_year,release_month,release_day,Rank,Genre,Publisher,NA_Sales,EU_Sales,JP_Sales,Other_Sales,Global_Sales
Guild Wars 2,PC,9.0,2012,9,11,693,Action,NCSoft,0.95,1.06,0.0,0.29,2.3
World of Warcraft: Mists of Pandaria,PC,8.7,2012,10,4,947,Role-Playing,Activision,0.84,0.76,0.0,0.23,1.83
NBA 2K13,PC,9.1,2012,9,27,14414,Sports,Take-Two Interactive,0.0,0.02,0.0,0.0,0.03
Edna & Harvey: Harvey's New Eyes,PC,6.0,2012,10,26,11230,Adventure,Rondomedia,0.0,0.07,0.0,0.01,0.09
Darksiders II,PC,7.5,2012,8,17,8700,Action,Nordic Games,0.03,0.1,0.0,0.03,0.16
FIFA Soccer 13,PC,9.0,2012,9,20,4775,Action,Electronic Arts,0.02,0.31,0.0,0.07,0.41
XCOM: Enemy Unknown,PC,8.2,2012,10,8,2826,Strategy,Take-Two Interactive,0.26,0.36,0.0,0.1,0.72
F1 2012,PC,9.0,2012,9,17,8930,Racing,Codemasters,0.01,0.11,0.0,0.03,0.15
Dishonored,PC,9.2,2012,10,7,3938,Action,Bethesda Softworks,0.26,0.19,0.0,0.06,0.51
Pro Evolution Soccer 2013,PC,8.5,2012,9,17,11216,Sports,Konami Digital Entertainment,0.0,0.07,0.0,0.01,0.09
Borderlands 2,PC,9.0,2012,9,13,2226,Shooter,Take-Two Interactive,0.42,0.41,0.0,0.11,0.93
Call of Duty: Black Ops II,PC,9.3,2012,11,13,1219,Shooter,Activision,0.63,0.69,0.0,0.21,1.53
Farming Simulator 2013,PC,7.1,2012,11,7,2104,Simulation,Focus Home Interactive,0.0,0.8,0.0,0.18,0.99
Football Manager 2013,PC,9.0,2012,11,3,1736,Sports,Sega,0.0,0.95,0.0,0.22,1.17
The Sims 3: Seasons,PC,7.5,2012,12,17,8453,Simulation,Electronic Arts,0.0,0.13,0.0,0.03,0.17
Hitman: Absolution,PC,9.0,2012,11,18,6709,Action,Square Enix,0.03,0.17,0.0,0.04,0.25
Assassin's Creed III,PC,8.6,2012,11,23,2204,Action,Ubisoft,0.28,0.53,0.0,0.13,0.94
Far Cry 3,PC,9.0,2012,11,21,2108,Shooter,Ubisoft,0.21,0.62,0.0,0.14,0.98
Caesar III,PC,8.7,1998,10,8,14038,Strategy,Vivendi Games,0.0,0.03,0.0,0.01,0.04
Tomb Raider III: Adventures of Lara Croft,PC,7.7,1998,12,10,3279,Action,Eidos Interactive,0.59,0.03,0.0,0.0,0.62
Half-Life,PC,9.5,1998,11,25,282,Shooter,Vivendi Games,4.03,0.0,0.09,0.0,4.12
Command & Conquer: Tiberian Sun,PC,8.0,1999,9,3,1207,Strategy,Westwood Studios,1.55,0.0,0.0,0.0,1.55
Age of Empires II: The Age of Kings,PC,8.8,1999,10,8,10693,Strategy,Microsoft Game Studios,0.01,0.08,0.0,0.02,0.1
Homeworld,PC,9.5,1999,10,1,15137,Strategy,Vivendi Games,0.0,0.02,0.0,0.0,0.02
Pharaoh,PC,9.0,1999,11,12,14936,Strategy,Vivendi Games,0.0,0.02,0.0,0.0,0.02
Sim Theme Park,PC,8.4,1999,11,19,807,Strategy,Electronic Arts,2.04,0.04,0.0,0.0,2.08
Tomb Raider: The Last Revelation,PC,7.0,1999,12,10,4686,Action,Eidos Interactive,0.41,0.0,0.0,0.0,0.41
Planescape: Torment,PC,9.2,1999,12,17,14073,Role-Playing,Interplay,0.01,0.02,0.0,0.01,0.04
The Sims,PC,9.5,2000,2,4,13289,Simulation,Electronic Arts,0.01,0.03,0.0,0.01,0.05
Deus Ex,PC,9.4,2000,6,27,16166,Role-Playing,Eidos Interactive,0.0,0.01,0.0,0.0,0.01
StarCraft,PC,9.5,2000,6,2,13231,Strategy,Activision,0.0,0.04,0.0,0.01,0.05
Diablo II,PC,8.3,2000,7,7,9449,Role-Playing,Havas Interactive,0.01,0.09,0.0,0.02,0.13
Command & Conquer: Red Alert 2,PC,9.3,2000,10,24,1465,Strategy,Electronic Arts,1.32,0.02,0.0,0.0,1.34
The Longest Journey,PC,9.3,2000,11,20,15682,Adventure,Empire Interactive,0.0,0.01,0.0,0.0,0.02
Airline Tycoon,PC,7.9,2001,2,20,15654,Simulation,Interplay,0.0,0.01,0.0,0.0,0.02
Black & White,PC,9.7,2001,3,27,13632,Strategy,Electronic Arts,0.0,0.04,0.0,0.01,0.04
Cossacks: European Wars,PC,7.5,2001,4,17,14691,Strategy,Strategy First,0.0,0.02,0.0,0.0,0.03
The Sims: House Party,PC,7.0,2001,3,30,757,Simulation,Electronic Arts,1.23,0.83,0.0,0.1,2.16
Microsoft Train Simulator,PC,8.0,2001,6,20,13331,Simulation,Microsoft Game Studios,0.0,0.04,0.0,0.01,0.05
Worms World Party,PC,8.0,2001,6,18,15780,Strategy,Virgin Interactive,0.0,0.01,0.0,0.0,0.02
Diablo II: Lord of Destruction,PC,8.8,2001,7,5,1959,Role-Playing,Vivendi Games,1.03,0.02,0.0,0.0,1.06
Max Payne,PC,9.3,2001,7,27,15142,Shooter,Take-Two Interactive,0.0,0.02,0.0,0.0,0.02
Stronghold,PC,8.7,2001,10,26,10007,Strategy,Gathering of Developers,0.0,0.09,0.0,0.02,0.11
Harry Potter and the Sorcerer's Stone,PC,6.4,2001,11,16,12686,Action,Electronic Arts,0.01,0.04,0.0,0.01,0.06
IL-2 Sturmovik,PC,8.3,2001,11,28,16070,Simulation,Blue Byte,0.0,0.01,0.0,0.0,0.01
Empire Earth,PC,8.5,2001,11,29,13169,Strategy,Vivendi Games,0.0,0.04,0.0,0.01,0.05
The Sims: Hot Date,PC,8.4,2001,12,6,956,Simulation,Electronic Arts,1.81,0.0,0.0,0.0,1.82
Command & Conquer Renegade,PC,7.4,2002,3,4,16342,Shooter,Electronic Arts,0.0,0.01,0.0,0.0,0.01
The Sims: Vacation,PC,8.0,2002,4,8,457,Simulation,Electronic Arts,1.72,1.21,0.0,0.14,3.07
Grand Theft Auto III,PC,9.4,2002,5,27,16096,Action,Take-Two Interactive,0.0,0.01,0.0,0.0,0.01
Neverwinter Nights,PC,9.0,2002,6,21,14330,Role-Playing,Atari,0.0,0.03,0.0,0.01,0.03
Warcraft III: Reign of Chaos,PC,9.3,2002,7,2,9518,Strategy,Vivendi Games,0.03,0.08,0.0,0.02,0.13
Icewind Dale II,PC,9.0,2002,9,5,16358,Role-Playing,Interplay,0.0,0.01,0.0,0.0,0.01
Mafia,PC,9.2,2002,8,29,13370,Action,Take-Two Interactive,0.0,0.04,0.0,0.01,0.05
Battlefield 1942,PC,9.3,2002,9,16,14875,Shooter,Electronic Arts,0.01,0.01,0.0,0.0,0.03
Unreal Tournament 2003,PC,9.0,2002,9,27,16020,Shooter,Atari,0.0,0.01,0.0,0.0,0.01
RollerCoaster Tycoon 2,PC,8.0,2002,10,4,1595,Strategy,Atari,1.19,0.05,0.0,0.0,1.25
The Sims: Unleashed,PC,7.0,2002,10,3,329,Simulation,Electronic Arts,2.03,1.56,0.0,0.17,3.76
Syberia,PC,7.1,2002,10,10,14581,Action,Microids,0.0,0.02,0.0,0.0,0.03
Age of Mythology,PC,9.3,2002,11,4,11149,Strategy,Microsoft Game Studios,0.02,0.06,0.0,0.01,0.09
Harry Potter and the Chamber of Secrets,PC,8.0,2002,11,26,16146,Action,Electronic Arts,0.0,0.01,0.0,0.0,0.01
SimCity 4,PC,9.2,2003,1,14,5921,Simulation,Electronic Arts,0.01,0.24,0.0,0.05,0.3
Freelancer,PC,9.2,2003,2,26,13181,Simulation,Microsoft Game Studios,0.02,0.02,0.0,0.01,0.05
Post Mortem,PC,7.9,2003,2,25,15711,Adventure,Microids,0.0,0.01,0.0,0.0,0.02
Praetorians,PC,8.9,2003,3,13,13496,Strategy,Eidos Interactive,0.0,0.04,0.0,0.0,0.04
Vietcong,PC,7.0,2003,3,31,15457,Shooter,Gathering of Developers,0.0,0.02,0.0,0.0,0.02
Rayman 3: Hoodlum Havoc,PC,8.3,2003,4,10,14391,Platform,Ubisoft,0.0,0.03,0.0,0.01,0.03
Grand Theft Auto: Vice City,PC,9.3,2003,5,22,13734,Action,Take-Two Interactive,0.0,0.03,0.0,0.01,0.04
Rise of Nations,PC,8.2,2003,5,21,13694,Strategy,Microsoft Game Studios,0.01,0.02,0.0,0.01,0.04
The Sims: Superstar,PC,8.3,2003,6,6,1080,Simulation,Electronic Arts,1.67,0.0,0.0,0.0,1.68
Microsoft Flight Simulator 2004: A Century of Flight,PC,9.0,2003,7,30,11974,Simulation,Microsoft Game Studios,0.0,0.06,0.0,0.01,0.07
EVE Online,PC,8.0,2003,6,23,7308,Role-Playing,CCP,0.0,0.19,0.0,0.02,0.22
Warcraft III: The Frozen Throne,PC,9.0,2003,7,1,1214,Strategy,Activision,0.58,0.87,0.0,0.09,1.54
Star Wars Jedi Knight: Jedi Academy,PC,8.8,2003,9,15,14091,Shooter,Activision,0.0,0.03,0.0,0.01,0.04
Homeworld 2,PC,9.0,2003,9,16,14384,Strategy,Vivendi Games,0.0,0.03,0.0,0.01,0.03
Age of Mythology: The Titans,PC,8.9,2003,9,29,14003,Strategy,Microsoft Game Studios,0.01,0.02,0.0,0.0,0.04
Halo: Combat Evolved,PC,8.2,2003,9,27,13886,Shooter,Microsoft Game Studios,0.01,0.02,0.0,0.01,0.04
Max Payne 2: The Fall of Max Payne,PC,9.4,2003,10,16,14725,Shooter,Take-Two Interactive,0.0,0.02,0.0,0.0,0.03
Commandos 3: Destination Berlin,PC,8.9,2003,10,15,15495,Strategy,Eidos Interactive,0.0,0.02,0.0,0.0,0.02
The Sims: Makin' Magic,PC,8.2,2003,10,29,900,Simulation,Electronic Arts,1.03,0.8,0.0,0.09,1.92
Need for Speed Underground,PC,9.0,2003,11,14,13227,Racing,Electronic Arts,0.0,0.04,0.0,0.01,0.05
Railroad Tycoon 3,PC,8.8,2003,11,6,13948,Strategy,Gathering of Developers,0.0,0.03,0.0,0.01,0.04
Uru: Ages Beyond Myst,PC,9.0,2003,12,4,15513,Adventure,Ubisoft,0.0,0.02,0.0,0.0,0.02
Legacy of Kain: Defiance,PC,8.0,2003,12,18,16450,Action,Eidos Interactive,0.0,0.01,0.0,0.0,0.01
Lock On: Modern Air Combat,PC,7.8,2003,12,19,14369,Simulation,Ubisoft,0.0,0.03,0.0,0.01,0.03
Unreal Tournament 2004,PC,9.4,2004,3,11,15674,Shooter,Atari,0.0,0.01,0.0,0.0,0.02
Far Cry,PC,9.2,2004,3,19,13252,Shooter,Ubisoft,0.0,0.04,0.0,0.01,0.05
Syberia II,PC,8.6,2004,3,17,15695,Adventure,MC2 Entertainment,0.0,0.01,0.0,0.0,0.02
Battlefield Vietnam,PC,8.2,2004,3,16,14658,Shooter,Electronic Arts,0.0,0.02,0.0,0.0,0.03
Painkiller,PC,7.0,2004,4,12,15254,Shooter,DreamCatcher Interactive,0.0,0.02,0.0,0.0,0.02
Harry Potter and the Prisoner of Azkaban,PC,6.0,2004,6,9,13907,Action,Electronic Arts,0.0,0.03,0.0,0.01,0.04
Doom 3,PC,8.9,2004,8,5,10574,Shooter,Activision,0.05,0.04,0.0,0.01,0.1
The Sims 2,PC,9.4,2004,9,10,5871,Simulation,Electronic Arts,0.02,0.24,0.0,0.05,0.3
Knights of Honor,PC,7.7,2004,10,1,14418,Strategy,Sunflowers,0.0,0.02,0.0,0.01,0.03
Rome: Total War,PC,9.4,2004,9,22,10489,Strategy,Activision,0.0,0.08,0.0,0.02,0.1
"Warhammer 40,000: Dawn of War",PC,8.8,2004,9,20,13141,Strategy,THQ,0.01,0.03,0.0,0.01,0.05
Evil Genius,PC,7.8,2004,9,28,15915,Strategy,Vivendi Games,0.0,0.01,0.0,0.0,0.02
Tiger Woods PGA Tour 2005,PC,9.0,2004,9,27,16165,Sports,Electronic Arts,0.0,0.01,0.0,0.0,0.01
Half-Life 2,PC,9.7,2004,11,15,667,Shooter,Vivendi Games,2.28,0.02,0.08,0.0,2.37
Need for Speed Underground 2,PC,9.1,2004,11,12,11666,Racing,Electronic Arts,0.0,0.06,0.0,0.01,0.08
RollerCoaster Tycoon 3,PC,8.5,2004,10,27,6209,Strategy,Atari,0.01,0.22,0.0,0.05,0.28
Colin McRae Rally 2005,PC,9.1,2004,11,19,15788,Racing,Codemasters,0.0,0.01,0.0,0.0,0.02
Zoo Tycoon 2,PC,7.5,2004,11,17,12552,Strategy,Microsoft Game Studios,0.0,0.05,0.0,0.01,0.06
World of Warcraft,PC,9.1,2004,12,10,138,Role-Playing,Activision,0.07,6.21,0.0,0.0,6.28
Star Wars Knights of the Old Republic II: The Sith Lords,PC,8.7,2005,2,8,12350,Role-Playing,LucasArts,0.01,0.04,0.0,0.01,0.06
The Sims 2: University,PC,8.5,2005,2,28,12674,Simulation,Electronic Arts,0.01,0.04,0.0,0.01,0.06
Silent Hunter III,PC,8.8,2005,3,18,11515,Simulation,Ubisoft,0.0,0.07,0.0,0.01,0.08
LEGO Star Wars: The Video Game,PC,7.8,2005,3,28,15790,Action,Eidos Interactive,0.0,0.01,0.0,0.0,0.02
SWAT 4,PC,9.0,2005,3,30,14844,Shooter,Vivendi Games,0.0,0.02,0.0,0.0,0.03
Empire Earth II,PC,8.9,2005,4,25,14411,Strategy,Vivendi Games,0.0,0.03,0.0,0.0,0.03
Imperial Glory,PC,8.5,2005,6,1,13679,Strategy,Eidos Interactive,0.0,0.04,0.0,0.0,0.04
Battlefield 2,PC,8.9,2005,6,19,11290,Shooter,Electronic Arts,0.0,0.07,0.0,0.02,0.08
Grand Theft Auto: San Andreas,PC,9.3,2005,6,7,2122,Action,Take-Two Interactive,0.0,0.92,0.0,0.05,0.98
Guild Wars,PC,9.0,2005,5,11,14799,Role-Playing,NCSoft,0.02,0.0,0.0,0.0,0.03
Dungeon Siege II,PC,8.5,2005,8,15,14839,Role-Playing,Microsoft Game Studios,0.0,0.02,0.0,0.0,0.03
Fable: The Lost Chapters,PC,8.7,2005,9,16,11946,Role-Playing,Microsoft Game Studios,0.01,0.05,0.0,0.01,0.07
Indigo Prophecy,PC,8.4,2005,9,20,15203,Adventure,Atari,0.0,0.02,0.0,0.0,0.02
The Sims 2: Nightlife,PC,8.2,2005,9,12,1554,Simulation,Electronic Arts,1.22,0.05,0.0,0.0,1.27
Black & White 2,PC,8.8,2005,9,28,10952,Strategy,Electronic Arts,0.01,0.07,0.0,0.01,0.09
Age of Empires III,PC,8.8,2005,10,14,4928,Strategy,Microsoft Game Studios,0.0,0.32,0.0,0.07,0.39
Quake 4,PC,8.1,2005,10,13,15185,Shooter,Activision,0.0,0.02,0.0,0.0,0.02
Serious Sam II,PC,8.2,2005,10,11,16006,Shooter,Take-Two Interactive,0.0,0.01,0.0,0.0,0.01
Sid Meier's Civilization IV,PC,9.4,2005,10,21,8352,Strategy,Take-Two Interactive,0.02,0.12,0.0,0.03,0.17
Call of Duty 2,PC,8.5,2005,10,25,12410,Shooter,Activision,0.0,0.05,0.0,0.01,0.06
The Movies,PC,8.0,2005,11,8,13835,Simulation,Activision,0.01,0.03,0.0,0.01,0.04
Heroes of the Pacific,PC,8.0,2005,11,4,15433,Simulation,Codemasters,0.0,0.02,0.0,0.0,0.02
Sniper Elite,PC,7.5,2005,11,2,15838,Shooter,MC2 Entertainment,0.0,0.01,0.0,0.0,0.02
The Incredibles: Rise of the Underminer,PC,6.0,2005,12,1,15822,Action,THQ,0.01,0.0,0.0,0.0,0.02
Starship Troopers,PC,5.0,2005,12,5,15463,Shooter,Empire Interactive,0.0,0.02,0.0,0.0,0.02
TOCA Race Driver 3,PC,8.7,2006,2,24,15346,Racing,Codemasters,0.0,0.02,0.0,0.0,0.02
Star Wars: Empire at War,PC,7.6,2006,2,15,11160,Strategy,LucasArts,0.01,0.06,0.0,0.02,0.09
Tycoon City: New York,PC,7.0,2006,3,15,15471,Strategy,Atari,0.0,0.02,0.0,0.0,0.02
The Sims 2: Open for Business,PC,7.8,2006,3,14,3873,Simulation,Electronic Arts,0.46,0.05,0.0,0.0,0.52
Blazing Angels: Squadrons of WWII,PC,6.8,2006,3,27,15753,Simulation,Ubisoft,0.01,0.0,0.0,0.0,0.02
The Elder Scrolls IV: Oblivion,PC,9.3,2006,3,24,6507,Role-Playing,Take-Two Interactive,0.01,0.2,0.0,0.05,0.26
Tomb Raider: Legend,PC,8.2,2006,4,5,15629,Action,Eidos Interactive,0.0,0.01,0.0,0.0,0.02
Rise of Nations: Rise of Legends,PC,8.2,2006,5,19,14161,Strategy,Microsoft Game Studios,0.0,0.03,0.0,0.01,0.03
Hitman: Blood Money,PC,8.0,2006,5,30,14084,Action,Eidos Interactive,0.0,0.03,0.0,0.01,0.04
Heroes of Might and Magic V,PC,7.8,2006,5,26,13660,Strategy,Ubisoft,0.0,0.03,0.0,0.01,0.04
Titan Quest,PC,8.1,2006,6,23,12718,Role-Playing,THQ,0.01,0.04,0.0,0.01,0.06
DarkStar One,PC,8.0,2006,8,23,14056,Simulation,Ubisoft,0.0,0.03,0.0,0.01,0.04
LEGO Star Wars II: The Original Trilogy,PC,8.0,2006,9,7,15748,Action,Activision,0.0,0.01,0.0,0.0,0.02
Just Cause,PC,6.8,2006,9,26,15751,Action,Eidos Interactive,0.0,0.01,0.0,0.0,0.02
Scarface: The World is Yours,PC,8.7,2006,10,6,13851,Action,Vivendi Games,0.01,0.02,0.0,0.01,0.04
Scarface: The World is Yours,PC,8.7,2006,10,6,13851,Action,Vivendi Games,0.01,0.02,0.0,0.01,0.04
Company of Heroes,PC,9.4,2006,9,11,13303,Strategy,THQ,0.0,0.04,0.0,0.01,0.05
ParaWorld,PC,7.8,2006,9,28,14933,Strategy,Deep Silver,0.0,0.02,0.0,0.0,0.02
Battlefield 2142,PC,8.4,2006,10,20,14786,Shooter,Electronic Arts,0.0,0.02,0.0,0.0,0.03
Caesar IV,PC,7.7,2006,10,17,13871,Strategy,Vivendi Games,0.0,0.03,0.0,0.01,0.04
Neverwinter Nights 2,PC,8.5,2006,11,3,14873,Role-Playing,Atari,0.0,0.02,0.0,0.0,0.03
1701 A.D.,PC,8.2,2006,10,30,5843,Simulation,Deep Silver,0.0,0.25,0.0,0.05,0.3
Need for Speed Carbon,PC,8.2,2006,10,27,13153,Racing,Electronic Arts,0.0,0.04,0.0,0.01,0.05
Warhammer: Mark of Chaos,PC,8.0,2006,11,10,14673,Strategy,Deep Silver,0.0,0.02,0.0,0.0,0.03
Medieval II: Total War,PC,8.8,2006,11,10,10848,Strategy,Sega,0.0,0.08,0.0,0.02,0.09
Stronghold Legends,PC,5.7,2006,10,27,15684,Strategy,Take-Two Interactive,0.0,0.01,0.0,0.0,0.02
Guild Wars: Nightfall,PC,8.4,2006,11,9,14732,Role-Playing,NCSoft,0.0,0.02,0.0,0.01,0.03
The Sims 2: Pets,PC,7.4,2006,10,26,13618,Simulation,Electronic Arts,0.01,0.02,0.0,0.01,0.04
Marvel: Ultimate Alliance,PC,8.2,2006,10,25,16236,Role-Playing,Activision,0.01,0.0,0.0,0.0,0.01
Sid Meier's Railroads!,PC,8.0,2006,10,24,13858,Simulation,Take-Two Interactive,0.01,0.03,0.0,0.01,0.04
Microsoft Flight Simulator X,PC,7.0,2006,12,1,4550,Simulation,Microsoft Game Studios,0.02,0.34,0.0,0.07,0.43
Gothic 3,PC,4.9,2006,11,28,12752,Role-Playing,JoWood Productions,0.0,0.05,0.0,0.01,0.06
Secret Files: Tunguska,PC,7.6,2006,12,4,13444,Adventure,DreamCatcher Interactive,0.0,0.04,0.0,0.01,0.05
Star Trek: Legacy,PC,5.9,2006,12,11,15798,Simulation,Ubisoft,0.0,0.01,0.0,0.0,0.02
World of Warcraft: The Burning Crusade,PC,8.8,2007,1,30,289,Role-Playing,Activision,2.57,1.52,0.0,0.0,4.09
Battlestations: Midway,PC,8.5,2007,1,30,16276,Strategy,Eidos Interactive,0.0,0.01,0.0,0.0,0.01
Supreme Commander,PC,9.0,2007,2,16,13340,Strategy,THQ,0.0,0.04,0.0,0.01,0.05
Deal or No Deal,PC,3.1,2007,2,15,16516,Misc,Focus Home Interactive,0.0,0.01,0.0,0.0,0.01
Silent Hunter: Wolves of the Pacific,PC,8.8,2007,3,21,13308,Simulation,Ubisoft,0.0,0.04,0.0,0.01,0.05
The Sims 2: Seasons,PC,8.9,2007,3,20,12001,Simulation,Electronic Arts,0.01,0.04,0.0,0.01,0.07
S.T.A.L.K.E.R.: Shadow of Chernobyl,PC,8.2,2007,3,19,12624,Shooter,THQ,0.01,0.04,0.0,0.01,0.06
IL-2 Sturmovik: 1946,PC,8.1,2007,3,23,13506,Simulation,Ubisoft,0.0,0.04,0.0,0.01,0.04
Test Drive Unlimited,PC,8.0,2007,4,3,15124,Racing,Atari,0.0,0.02,0.0,0.0,0.02
Spider-Man 3,PC,4.7,2007,5,8,15305,Platform,Activision,0.02,0.0,0.0,0.0,0.02
Resident Evil 4,PC,7.7,2007,5,25,14483,Action,Ubisoft,0.0,0.02,0.0,0.01,0.03
Halo 2,PC,7.5,2007,6,5,10818,Shooter,Microsoft Game Studios,0.01,0.06,0.0,0.02,0.1
Harry Potter and the Order of the Phoenix,PC,7.3,2007,6,28,13876,Action,Electronic Arts,0.0,0.03,0.0,0.01,0.04
Overlord,PC,8.0,2007,7,9,15147,Strategy,Codemasters,0.0,0.02,0.0,0.0,0.02
Call of Juarez,PC,6.8,2007,7,18,16013,Shooter,Ubisoft,0.0,0.01,0.0,0.0,0.01
BioShock,PC,9.7,2007,8,17,4691,Shooter,Take-Two Interactive,0.01,0.39,0.0,0.02,0.41
World in Conflict,PC,9.3,2007,9,7,14020,Strategy,Vivendi Games,0.0,0.03,0.0,0.01,0.04
Combat Mission: Shock Force,PC,5.2,2007,9,12,14267,Strategy,Paradox Interactive,0.0,0.03,0.0,0.01,0.03
Medal of Honor: Airborne,PC,7.9,2007,9,4,12831,Shooter,Electronic Arts,0.0,0.04,0.0,0.01,0.05
The Sims 2: Bon Voyage,PC,8.0,2007,10,1,14770,Simulation,Electronic Arts,0.01,0.01,0.0,0.0,0.03
The Settlers: Rise of an Empire,PC,6.5,2007,10,1,14943,Strategy,Ubisoft,0.01,0.01,0.0,0.0,0.02
Company of Heroes: Opposing Fronts,PC,8.8,2007,9,28,13705,Strategy,THQ,0.01,0.03,0.0,0.01,0.04
Enemy Territory: Quake Wars,PC,8.5,2007,10,2,15898,Shooter,Activision,0.01,0.0,0.0,0.0,0.02
Spider-Man: Friend or Foe,PC,4.9,2007,10,5,16224,Action,Activision,0.01,0.0,0.0,0.0,0.01
Neverwinter Nights 2: Mask of the Betrayer,PC,8.5,2007,10,15,16011,Role-Playing,Atari,0.0,0.01,0.0,0.0,0.01
The Orange Box,PC,9.5,2007,10,9,9064,Shooter,Electronic Arts,0.0,0.11,0.0,0.03,0.14
The Witcher,PC,8.5,2007,10,29,12467,Role-Playing,Atari,0.0,0.05,0.0,0.01,0.06
Age of Empires III: The Asian Dynasties,PC,8.0,2007,10,23,12179,Strategy,Microsoft Game Studios,0.0,0.05,0.0,0.01,0.07
Clive Barker's Jericho,PC,5.6,2007,10,26,16436,Shooter,Codemasters,0.0,0.01,0.0,0.0,0.01
TimeShift,PC,7.6,2007,10,30,16290,Shooter,Vivendi Games,0.01,0.0,0.0,0.0,0.01
F.E.A.R. Perseus Mandate,PC,5.9,2007,11,6,16245,Shooter,Vivendi Games,0.01,0.0,0.0,0.0,0.01
Hellgate: London,PC,6.8,2007,11,5,15332,Role-Playing,Electronic Arts,0.0,0.02,0.0,0.0,0.02
Call of Duty 4: Modern Warfare,PC,9.4,2007,11,5,1771,Shooter,Activision,0.0,1.12,0.0,0.03,1.15
Gears of War,PC,8.7,2007,11,7,15784,Shooter,Microsoft Game Studios,0.0,0.01,0.0,0.0,0.02
Crysis,PC,9.4,2007,11,12,2857,Shooter,Electronic Arts,0.0,0.69,0.0,0.03,0.72
Supreme Commander: Forged Alliance,PC,8.6,2007,11,9,13854,Strategy,THQ,0.01,0.02,0.0,0.01,0.04
Empire Earth III,PC,5.4,2007,11,16,13774,Strategy,Vivendi Games,0.0,0.03,0.0,0.01,0.04
Guitar Hero III: Legends of Rock,PC,8.5,2007,11,13,16048,Misc,Aspyr,0.01,0.0,0.0,0.0,0.01
Unreal Tournament III,PC,9.0,2007,11,21,12398,Shooter,Midway Games,0.0,0.05,0.0,0.01,0.06
SimCity Societies,PC,5.8,2007,11,13,15017,Simulation,Electronic Arts,0.0,0.02,0.0,0.0,0.02
Pirates of the Burning Sea,PC,8.2,2008,2,12,15568,Role-Playing,Koch Media,0.0,0.01,0.0,0.0,0.02
Sins of a Solar Empire,PC,8.9,2008,2,15,14468,Strategy,Pinnacle,0.0,0.02,0.0,0.01,0.03
Rail Simulator,PC,7.0,2008,2,25,16180,Simulation,Electronic Arts,0.0,0.01,0.0,0.0,0.01
Conflict: Denied Ops,PC,4.0,2008,2,25,16259,Shooter,Eidos Interactive,0.0,0.01,0.0,0.0,0.01
Lost: Via Domus,PC,5.5,2008,2,29,15702,Action,Ubisoft,0.0,0.01,0.0,0.0,0.02
Frontlines: Fuel of War,PC,7.8,2008,2,26,15108,Shooter,THQ,0.0,0.02,0.0,0.0,0.02
Imperium Romanum,PC,6.0,2008,3,24,15965,Strategy,Kalypso Media,0.0,0.01,0.0,0.0,0.02
Jack Keane,PC,7.5,2008,4,28,14571,Adventure,Kalypso Media,0.0,0.02,0.0,0.0,0.03
Tom Clancy's Rainbow Six: Vegas 2,PC,7.7,2008,4,21,15007,Shooter,Ubisoft,0.0,0.02,0.0,0.0,0.02
Turok,PC,7.0,2008,4,24,15983,Action,Touchstone,0.0,0.01,0.0,0.0,0.01
Command & Conquer 3: Kane's Wrath,PC,7.9,2008,3,25,15604,Strategy,Electronic Arts,0.0,0.01,0.0,0.0,0.02
Mass Effect,PC,9.2,2008,5,27,3003,Role-Playing,Electronic Arts,0.0,0.59,0.0,0.09,0.68
Kung Fu Panda,PC,7.4,2008,6,9,15035,Action,Activision,0.0,0.02,0.0,0.0,0.02
LEGO Indiana Jones: The Original Adventures,PC,8.0,2008,5,29,13597,Action,LucasArts,0.02,0.02,0.0,0.01,0.04
Stronghold Crusader Extreme,PC,4.8,2008,6,10,15029,Strategy,Gamecock,0.0,0.02,0.0,0.0,0.02
Alone in the Dark,PC,3.5,2008,7,8,16396,Adventure,Atari,0.0,0.01,0.0,0.0,0.01
Devil May Cry 4,PC,8.0,2008,7,23,13640,Action,Capcom,0.01,0.02,0.0,0.01,0.04
Legend: Hand of God,PC,6.0,2008,8,25,15222,Role-Playing,DTP Entertainment,0.0,0.02,0.0,0.0,0.02
Spore,PC,8.8,2008,9,4,1719,Strategy,Electronic Arts,0.03,1.06,0.0,0.09,1.17
The Sims 2: Apartment Life,PC,7.7,2008,9,8,11084,Simulation,Electronic Arts,0.0,0.07,0.0,0.02,0.09
FlatOut: Ultimate Carnage,PC,7.8,2008,9,12,16248,Racing,Empire Interactive,0.0,0.01,0.0,0.0,0.01
S.T.A.L.K.E.R.: Clear Sky,PC,7.3,2008,9,5,14023,Shooter,Deep Silver,0.0,0.03,0.0,0.01,0.04
Peggle Nights,PC,8.4,2008,9,25,15592,Puzzle,PopCap Games,0.0,0.01,0.0,0.0,0.02
LEGO Batman: The Videogame,PC,7.7,2008,9,24,12574,Action,Warner Bros. Interactive Entertainment,0.02,0.03,0.0,0.01,0.06
4 Elements,PC,8.0,2008,9,19,12825,Puzzle,Mastertronic,0.0,0.04,0.0,0.01,0.05
So Blonde,PC,6.8,2008,10,13,15212,Adventure,Eidos Interactive,0.0,0.02,0.0,0.0,0.02
Brothers in Arms: Hell's Highway,PC,7.9,2008,10,7,15026,Shooter,Ubisoft,0.0,0.02,0.0,0.0,0.02
Warhammer Online: Age of Reckoning,PC,9.0,2008,10,9,14948,Role-Playing,GOA,0.0,0.02,0.0,0.0,0.02
World of Goo,PC,9.0,2008,10,20,14013,Puzzle,2D Boy,0.0,0.03,0.0,0.01,0.04
Dead Space,PC,8.7,2008,10,23,3384,Action,Electronic Arts,0.0,0.53,0.0,0.06,0.59
Fallout 3,PC,9.6,2008,10,27,2105,Role-Playing,Bethesda Softworks,0.02,0.88,0.0,0.08,0.99
FIFA Soccer 09,PC,7.2,2008,10,22,15208,Sports,Electronic Arts,0.0,0.02,0.0,0.0,0.02
Far Cry 2,PC,8.9,2008,10,21,4078,Action,Ubisoft,0.01,0.45,0.0,0.03,0.49
Spider-Man: Web of Shadows,PC,5.3,2008,10,30,15260,Action,Activision,0.0,0.02,0.0,0.0,0.02
X3: Terran Conflict,PC,8.0,2008,10,29,14712,Simulation,Deep Silver,0.0,0.02,0.0,0.01,0.03
Bejeweled Twist,PC,7.4,2008,11,6,13045,Puzzle,PopCap Games,0.01,0.04,0.0,0.01,0.05
Bully: Scholarship Edition,PC,7.8,2008,10,28,14797,Action,Take-Two Interactive,0.0,0.02,0.0,0.0,0.03
Command & Conquer: Red Alert 3,PC,8.2,2008,10,28,3042,Strategy,Electronic Arts,0.01,0.64,0.0,0.02,0.67
Sacred 2: Fallen Angel,PC,7.5,2008,11,12,12479,Role-Playing,Ascaron Entertainment GmbH,0.0,0.05,0.0,0.01,0.06
Call of Duty: World at War,PC,9.2,2008,11,11,7951,Shooter,Activision,0.02,0.13,0.0,0.03,0.19
Left 4 Dead,PC,9.0,2008,11,17,15092,Shooter,Electronic Arts,0.0,0.02,0.0,0.0,0.02
Sniper: Art of Victory,PC,3.0,2008,11,14,4064,Shooter,City Interactive,0.0,0.45,0.0,0.03,0.49
MySims,PC,7.0,2008,11,21,14731,Simulation,Electronic Arts,0.0,0.02,0.0,0.0,0.03
Agatha Christie: Death on the Nile,PC,5.3,2008,11,19,15614,Adventure,Big Fish Games,0.0,0.01,0.0,0.0,0.02
Madagascar: Escape 2 Africa,PC,4.3,2008,11,17,16447,Action,Activision,0.01,0.0,0.0,0.0,0.01
World of Warcraft: Wrath of the Lich King,PC,9.0,2008,11,26,1488,Role-Playing,Activision,0.01,0.13,0.0,1.18,1.32
Legendary,PC,2.5,2008,12,5,15544,Shooter,Atari,0.0,0.01,0.0,0.0,0.02
Grand Theft Auto IV,PC,9.2,2008,12,2,2359,Action,Take-Two Interactive,0.01,0.79,0.0,0.08,0.88
Worldwide Soccer Manager 2009,PC,7.9,2008,12,18,1763,Simulation,Sega,0.0,1.14,0.0,0.01,1.15
Mount & Blade,PC,8.0,2008,12,17,15177,Role-Playing,Paradox Interactive,0.0,0.02,0.0,0.0,0.02
NHL 09,PC,5.5,2008,12,11,15446,Sports,Electronic Arts,0.0,0.02,0.0,0.0,0.02
A Vampyre Story,PC,7.6,2008,12,12,15827,Adventure,Crimson Cow,0.0,0.01,0.0,0.0,0.02
Saints Row 2,PC,6.3,2009,1,6,13906,Action,THQ,0.0,0.03,0.0,0.01,0.04
GTR Evolution,PC,8.5,2009,1,5,14503,Racing,Atari,0.0,0.02,0.0,0.01,0.03
Mirror's Edge,PC,8.5,2009,1,13,12705,Platform,Electronic Arts,0.0,0.05,0.0,0.01,0.06
The Lord of the Rings: Conquest,PC,7.0,2009,1,16,14857,Action,Electronic Arts,0.0,0.02,0.0,0.0,0.03
Burnout Paradise: The Ultimate Box,PC,8.4,2009,2,3,10721,Racing,Electronic Arts,0.0,0.08,0.0,0.01,0.1
F.E.A.R. 2: Project Origin,PC,8.3,2009,2,10,11919,Shooter,Warner Bros. Interactive Entertainment,0.01,0.05,0.0,0.01,0.07
Empire: Total War,PC,9.5,2009,2,27,1884,Strategy,Sega,0.01,0.97,0.0,0.11,1.09
Drakensang: The Dark Eye,PC,7.6,2009,2,23,15858,Role-Playing,Eidos Interactive,0.01,0.0,0.0,0.0,0.02
"Warhammer 40,000: Dawn of War II",PC,9.0,2009,2,17,4182,Strategy,THQ,0.0,0.45,0.0,0.02,0.47
Tom Clancy's EndWar,PC,7.0,2009,3,3,15090,Strategy,Ubisoft,0.0,0.02,0.0,0.0,0.02
Grey's Anatomy: The Video Game,PC,6.0,2009,3,11,15112,Adventure,Ubisoft,0.0,0.02,0.0,0.0,0.02
The Chronicles of Riddick: Assault on Dark Athena,PC,7.4,2009,3,31,16286,Shooter,Vivendi Games,0.0,0.01,0.0,0.0,0.01
Ceville,PC,9.0,2009,3,27,15049,Action,Kalypso Media,0.0,0.02,0.0,0.0,0.02
Tom Clancy's HAWX,PC,6.7,2009,3,18,13485,Action,Ubisoft,0.0,0.03,0.0,0.01,0.04
Men of War,PC,8.0,2009,3,17,14302,Strategy,505 Games,0.01,0.02,0.0,0.01,0.03
The Last Remnant,PC,6.8,2009,3,20,16028,Role-Playing,Square Enix,0.0,0.01,0.0,0.0,0.01
Stormrise,PC,2.1,2009,4,3,15294,Strategy,Sega,0.0,0.02,0.0,0.0,0.02
Braid,PC,8.8,2009,4,13,14529,Platform,Number None,0.0,0.02,0.0,0.01,0.03
Monsters vs. Aliens,PC,5.0,2009,4,3,14630,Action,Activision,0.01,0.01,0.0,0.0,0.03
Company of Heroes: Tales of Valor,PC,7.0,2009,4,14,13635,Strategy,THQ,0.0,0.03,0.0,0.01,0.04
BattleForge,PC,6.6,2009,4,1,16189,Strategy,Electronic Arts,0.0,0.01,0.0,0.0,0.01
The Chronicles of Riddick: Assault on Dark Athena,PC,7.4,2009,3,31,16286,Shooter,Vivendi Games,0.0,0.01,0.0,0.0,0.01
Demigod,PC,7.5,2009,4,17,14976,Strategy,Atari,0.0,0.02,0.0,0.0,0.02
Elven Legacy,PC,7.7,2009,4,15,15872,Strategy,Paradox Interactive,0.01,0.0,0.0,0.0,0.02
Plants vs. Zombies,PC,9.0,2009,5,5,13034,Strategy,PopCap Games,0.0,0.04,0.0,0.01,0.05
Battlestations: Pacific,PC,7.7,2009,5,19,14872,Strategy,Eidos Interactive,0.0,0.02,0.0,0.0,0.03
The Sims 3,PC,8.9,2009,6,1,84,Simulation,Electronic Arts,0.98,6.42,0.0,0.71,8.11
Damnation,PC,2.5,2009,6,15,16580,Shooter,Codemasters,0.0,0.01,0.0,0.0,0.01
Still Life 2,PC,7.5,2009,6,17,15770,Adventure,Rondomedia,0.0,0.01,0.0,0.0,0.02
Overlord II,PC,6.3,2009,6,25,14217,Action,Codemasters,0.0,0.03,0.0,0.01,0.03
Harry Potter and the Half-Blood Prince,PC,7.5,2009,7,2,14416,Action,Electronic Arts,0.0,0.03,0.0,0.01,0.03
Fuel,PC,5.1,2009,7,8,15193,Racing,Codemasters,0.0,0.02,0.0,0.0,0.02
ArmA II,PC,7.8,2009,7,2,9048,Shooter,505 Games,0.0,0.12,0.0,0.03,0.14
Ice Age: Dawn of the Dinosaurs,PC,6.5,2009,7,8,15130,Action,Activision,0.02,0.0,0.0,0.0,0.02
Call of Juarez: Bound in Blood,PC,7.7,2009,6,30,14222,Shooter,Ubisoft,0.0,0.03,0.0,0.01,0.03
Dawn of Discovery,PC,8.2,2009,7,15,4938,Simulation,Ubisoft,0.0,0.32,0.0,0.07,0.39
East India Company,PC,7.7,2009,7,30,16073,Strategy,Paradox Interactive,0.01,0.0,0.0,0.0,0.01
Trine,PC,8.2,2009,8,6,16512,Action,Nobilis,0.0,0.01,0.0,0.0,0.01
Hearts of Iron III,PC,8.5,2009,8,13,11993,Strategy,Paradox Interactive,0.01,0.04,0.0,0.01,0.07
Wolfenstein,PC,7.3,2009,8,20,13408,Shooter,Activision,0.01,0.03,0.0,0.01,0.05
Red Faction: Guerrilla,PC,8.0,2009,9,16,14207,Shooter,THQ,0.0,0.03,0.0,0.01,0.03
Majesty 2: The Fantasy Kingdom Sim,PC,7.5,2009,9,15,15877,Simulation,Paradox Interactive,0.01,0.0,0.0,0.0,0.02
Section 8,PC,8.0,2009,9,8,14450,Shooter,SouthPeak Games,0.01,0.01,0.0,0.0,0.03
Batman: Arkham Asylum,PC,9.3,2009,9,11,5608,Action,Eidos Interactive,0.0,0.27,0.0,0.05,0.32
Resident Evil 5,PC,9.3,2009,9,10,12096,Action,Capcom,0.01,0.04,0.0,0.01,0.07
Order of War,PC,8.0,2009,9,25,15252,Strategy,Square Enix,0.0,0.01,0.0,0.0,0.02
Mini Ninjas,PC,8.0,2009,10,6,15444,Action,Eidos Interactive,0.0,0.02,0.0,0.0,0.02
Risen,PC,8.6,2009,10,9,9110,Role-Playing,Deep Silver,0.0,0.11,0.0,0.03,0.14
Operation Flashpoint: Dragon Rising,PC,8.2,2009,10,8,13183,Shooter,Codemasters,0.01,0.03,0.0,0.01,0.05
Tropico 3,PC,8.4,2009,10,16,13430,Strategy,Kalypso Media,0.0,0.04,0.0,0.01,0.05
Machinarium,PC,8.1,2009,10,20,10176,Adventure,Daedalic,0.0,0.09,0.0,0.02,0.11
FIFA Soccer 10,PC,7.0,2009,10,21,13276,Sports,Electronic Arts,0.0,0.04,0.0,0.01,0.05
Dragon Age: Origins,PC,9.0,2009,11,3,3880,Role-Playing,Electronic Arts,0.0,0.46,0.0,0.06,0.51
Call of Duty: Modern Warfare 2,PC,9.5,2009,11,10,2349,Shooter,Activision,0.01,0.79,0.0,0.09,0.89
LEGO Indiana Jones 2: The Adventure Continues,PC,6.0,2009,11,18,13191,Action,Activision,0.02,0.03,0.0,0.01,0.05
Torchlight,PC,8.6,2009,11,18,11748,Role-Playing,JoWood Productions,0.0,0.06,0.0,0.02,0.07
The Sims 3: World Adventures,PC,8.3,2009,11,17,3455,Simulation,Electronic Arts,0.02,0.18,0.0,0.39,0.58
Left 4 Dead 2,PC,9.0,2009,11,16,5160,Shooter,Valve Software,0.0,0.32,0.0,0.04,0.37
The Stronghold Collection,PC,7.0,2009,11,20,9638,Strategy,Take-Two Interactive,0.03,0.08,0.0,0.02,0.13
WorldShift,PC,5.0,2009,11,20,15574,Strategy,Playlogic Game Factory,0.02,0.0,0.0,0.0,0.02
Avatar: The Game,PC,6.8,2009,12,1,13432,Action,Ubisoft,0.0,0.04,0.0,0.01,0.05
Mass Effect 2,PC,9.6,2010,1,22,4869,Role-Playing,Electronic Arts,0.01,0.32,0.0,0.07,0.4
Blood Bowl,PC,6.4,2010,1,29,13852,Sports,Focus Home Interactive,0.01,0.02,0.0,0.01,0.04
Dark Void,PC,5.0,2010,1,20,15792,Action,Capcom,0.0,0.01,0.0,0.0,0.02
Divinity II: Ego Draconis,PC,7.0,2010,1,15,11721,Role-Playing,DTP Entertainment,0.01,0.05,0.0,0.01,0.08
Borderlands,PC,8.8,2010,2,26,8035,Shooter,Take-Two Interactive,0.01,0.14,0.0,0.04,0.18
Supreme Commander 2,PC,8.4,2010,3,3,7800,Strategy,Square Enix,0.0,0.15,0.0,0.04,0.19
Assassin's Creed II,PC,8.9,2010,3,12,3528,Action,Ubisoft,0.01,0.45,0.0,0.11,0.57
Napoleon: Total War,PC,8.9,2010,2,18,3075,Strategy,Sega,0.02,0.52,0.0,0.12,0.66
Star Trek Online,PC,6.8,2010,2,17,14984,Role-Playing,Atari,0.0,0.02,0.0,0.0,0.02
Battlefield: Bad Company 2,PC,8.9,2010,3,2,2858,Shooter,Electronic Arts,0.19,0.53,0.0,0.0,0.71
Just Cause 2,PC,8.8,2010,3,23,9549,Action,Square Enix,0.0,0.1,0.0,0.03,0.13
Command & Conquer 4: Tiberian Twilight,PC,7.4,2010,3,18,15821,Strategy,Electronic Arts,0.0,0.01,0.0,0.0,0.02
Metro 2033,PC,6.9,2010,3,19,6839,Shooter,THQ,0.0,0.19,0.0,0.05,0.24
The Settlers 7: Paths to a Kingdom,PC,6.0,2010,4,6,5621,Strategy,Ubisoft,0.0,0.26,0.0,0.06,0.32
Mount & Blade: Warband,PC,8.1,2010,4,13,15436,Role-Playing,Paradox Interactive,0.01,0.01,0.0,0.0,0.02
LEGO Harry Potter: Years 1-4,PC,8.5,2010,6,29,14963,Action,Warner Bros. Interactive Entertainment,0.01,0.01,0.0,0.0,0.02
Singularity,PC,7.0,2010,6,29,13136,Shooter,Mastertronic,0.0,0.04,0.0,0.01,0.05
Split/Second,PC,8.5,2010,5,25,13539,Racing,Disney Interactive Studios,0.0,0.04,0.0,0.01,0.04
Age of Conan: Rise of the Godslayer,PC,7.9,2010,6,1,14656,Role-Playing,Funcom,0.0,0.02,0.0,0.0,0.03
Alpha Protocol,PC,6.3,2010,6,1,14053,Role-Playing,Sega,0.0,0.03,0.0,0.01,0.04
Blur,PC,7.0,2010,6,2,12385,Racing,Activision,0.01,0.04,0.0,0.01,0.06
Prince of Persia: The Forgotten Sands,PC,8.0,2010,6,9,14241,Action,Ubisoft,0.0,0.03,0.0,0.0,0.03
The Sims 3: Ambitions,PC,8.0,2010,6,1,4194,Simulation,Electronic Arts,0.0,0.29,0.0,0.18,0.47
Sniper: Ghost Warrior,PC,5.0,2010,7,7,8654,Shooter,City Interactive,0.0,0.13,0.0,0.03,0.16
Tom Clancy's Splinter Cell: Conviction,PC,8.5,2010,7,14,10349,Action,Ubisoft,0.0,0.08,0.0,0.02,0.11
Kane & Lynch 2: Dog Days,PC,7.0,2010,8,25,11933,Shooter,Square Enix,0.0,0.06,0.0,0.01,0.07
Disciples III: Renaissance,PC,6.0,2010,8,31,15728,Strategy,Kalypso Media,0.0,0.01,0.0,0.0,0.02
Mafia II,PC,7.0,2010,8,23,4841,Action,Take-Two Interactive,0.17,0.17,0.0,0.06,0.4
Fallout: New Vegas,PC,9.0,2010,10,19,1743,Role-Playing,Bethesda Softworks,0.58,0.45,0.0,0.14,1.16
Lost Planet 2,PC,6.0,2010,10,18,14791,Shooter,Capcom,0.0,0.02,0.0,0.01,0.03
Sid Meier's Civilization V,PC,9.0,2010,9,20,1071,Strategy,Take-Two Interactive,0.98,0.52,0.0,0.19,1.69
NBA 2K11,PC,8.0,2010,10,8,7881,Action,Take-Two Interactive,0.18,0.0,0.0,0.01,0.19
Front Mission Evolved,PC,6.0,2010,10,1,12873,Shooter,Square Enix,0.05,0.0,0.0,0.0,0.05
Medal of Honor,PC,6.5,2010,10,12,4050,Shooter,Electronic Arts,0.2,0.23,0.0,0.07,0.49
R.U.S.E.,PC,8.5,2010,9,24,6254,Strategy,Ubisoft,0.04,0.19,0.0,0.05,0.28
Darksiders,PC,8.0,2010,9,23,8795,Action,THQ,0.07,0.06,0.0,0.02,0.15
Worms Reloaded,PC,8.5,2010,9,30,13230,Strategy,Team17 Software,0.0,0.04,0.0,0.01,0.05
Dead Rising 2,PC,8.0,2010,9,30,9255,Action,Capcom,0.1,0.02,0.0,0.01,0.14
FIFA Soccer 11,PC,8.0,2010,10,22,8096,Sports,Electronic Arts,0.0,0.14,0.0,0.04,0.18
Need for Speed: Hot Pursuit,PC,9.0,2010,11,30,5073,Racing,Electronic Arts,0.12,0.2,0.0,0.06,0.38
James Bond 007: Blood Stone,PC,5.0,2010,11,2,15608,Shooter,Activision,0.02,0.0,0.0,0.0,0.02
Cities XL 2011,PC,7.0,2010,11,16,15034,Simulation,Focus Home Interactive,0.0,0.02,0.0,0.0,0.02
Divinity II: Flames of Vengeance,PC,6.0,2010,12,9,14784,Role-Playing,DTP Entertainment,0.0,0.02,0.0,0.01,0.03
Bejeweled 3,PC,8.0,2010,12,7,11379,Puzzle,PopCap Games,0.02,0.05,0.0,0.01,0.08
Star Wars: The Force Unleashed II,PC,6.5,2010,10,27,14532,Action,LucasArts,0.03,0.0,0.0,0.0,0.03
Create,PC,6.0,2010,12,4,12549,Action,Electronic Arts,0.04,0.01,0.0,0.01,0.06
Dead Space 2,PC,9.0,2011,1,21,5575,Shooter,Electronic Arts,0.13,0.15,0.0,0.05,0.33
Dungeons,PC,6.5,2011,2,25,10841,Strategy,Kalypso Media,0.07,0.02,0.0,0.01,0.09
World of Warcraft: Cataclysm,PC,9.0,2010,12,22,801,Role-Playing,Activision,1.77,0.32,0.0,0.0,2.08
Breach,PC,6.0,2011,2,7,16588,Shooter,Destineer,0.01,0.0,0.0,0.0,0.01
Two Worlds II,PC,6.0,2011,2,3,7523,Role-Playing,Unknown,0.09,0.09,0.0,0.03,0.2
You Don't Know Jack,PC,6.0,2011,2,11,15978,Misc,Vivendi Games,0.01,0.0,0.0,0.0,0.02
Magicka,PC,7.0,2011,1,28,14704,Role-Playing,Paradox Interactive,0.0,0.02,0.0,0.01,0.03
Venetica,PC,6.0,2011,1,28,12922,Role-Playing,DTP Entertainment,0.0,0.04,0.0,0.01,0.05
DC Universe Online,PC,7.0,2011,1,28,6952,Role-Playing,Sony Online Entertainment,0.16,0.06,0.0,0.02,0.24
Bulletstorm,PC,8.0,2011,2,22,8618,Shooter,Electronic Arts,0.07,0.07,0.0,0.02,0.16
Homefront,PC,7.0,2011,3,15,6796,Shooter,THQ,0.11,0.1,0.0,0.03,0.24
Crysis 2,PC,9.0,2011,3,22,2781,Action,Electronic Arts,0.16,0.45,0.0,0.13,0.74
Dragon Age II,PC,8.5,2011,3,8,3156,Action,Electronic Arts,0.23,0.33,0.0,0.09,0.64
Assassin's Creed: Brotherhood,PC,8.0,2011,3,17,3392,Action,Ubisoft,0.15,0.34,0.0,0.1,0.59
LEGO Star Wars III: The Clone Wars,PC,7.5,2011,3,23,6598,Action,LucasArts,0.1,0.13,0.0,0.03,0.26
Cities in Motion,PC,7.0,2011,3,22,12964,Simulation,Paradox Interactive,0.0,0.04,0.0,0.01,0.05
Total War: Shogun 2,PC,9.0,2011,3,16,3400,Strategy,Sega,0.19,0.31,0.0,0.09,0.59
Brink,PC,6.5,2011,5,10,8132,Shooter,Bethesda Softworks,0.06,0.09,0.0,0.03,0.18
Gray Matter,PC,7.5,2011,4,27,11211,Adventure,DTP Entertainment,0.02,0.05,0.0,0.01,0.09
Darkspore,PC,7.0,2011,4,26,9972,Role-Playing,Electronic Arts,0.07,0.03,0.0,0.01,0.12
Operation Flashpoint: Red River,PC,7.5,2011,4,21,11918,Shooter,Codemasters,0.01,0.04,0.0,0.01,0.07
Portal 2,PC,9.5,2011,4,18,2701,Shooter,Valve Software,0.33,0.32,0.0,0.11,0.76
Fable III,PC,6.0,2011,5,17,5700,Role-Playing,Microsoft Game Studios,0.09,0.17,0.0,0.05,0.32
Terraria,PC,9.0,2011,5,25,8846,Action,Unknown,0.0,0.13,0.0,0.02,0.15
Duke Nukem Forever,PC,5.5,2011,6,14,4764,Shooter,Take-Two Interactive,0.18,0.17,0.0,0.06,0.41
The Witcher 2: Assassins of Kings,PC,9.0,2011,5,24,2170,Action,Namco Bandai Games,0.25,0.56,0.0,0.15,0.96
The First Templar,PC,4.0,2011,5,24,11544,Action,Kalypso Media,0.06,0.01,0.0,0.01,0.08
Red Faction: Armageddon,PC,7.0,2011,6,13,11181,Shooter,THQ,0.05,0.02,0.0,0.01,0.09
Hunted: The Demon's Forge,PC,6.0,2011,6,3,12948,Action,Bethesda Softworks,0.03,0.01,0.0,0.01,0.05
Alice: Madness Returns,PC,6.5,2011,6,16,9789,Adventure,Electronic Arts,0.0,0.1,0.0,0.02,0.12
The Sims 3: Generations,PC,7.0,2011,5,31,3220,Simulation,Electronic Arts,0.4,0.23,0.0,0.0,0.63
F.E.A.R. 3,PC,8.0,2011,6,21,8727,Shooter,Warner Bros. Interactive Entertainment,0.04,0.08,0.0,0.03,0.15
Dungeon Siege III,PC,6.5,2011,6,21,8251,Role-Playing,Square Enix,0.08,0.08,0.0,0.02,0.17
Trapped Dead,PC,4.0,2011,8,12,15420,Strategy,Iceberg Interactive,0.0,0.02,0.0,0.0,0.02
World of Tanks,PC,7.5,2011,7,21,6034,Shooter,Wargaming.net,0.0,0.23,0.0,0.06,0.29
Age of Empires Online,PC,7.0,2011,8,24,12362,Strategy,Microsoft Game Studios,0.01,0.04,0.0,0.01,0.06
Deus Ex: Human Revolution,PC,9.0,2011,8,23,3432,Shooter,Square Enix,0.25,0.25,0.0,0.09,0.59
Tropico 4,PC,8.5,2011,9,13,6343,Strategy,Kalypso Media,0.1,0.13,0.0,0.04,0.27
"Warhammer 40,000: Space Marine",PC,7.5,2011,9,8,7534,Shooter,THQ,0.09,0.09,0.0,0.03,0.2
Dead Island,PC,8.0,2011,9,7,7267,Action,Deep Silver,0.12,0.07,0.0,0.03,0.22
IL-2 Sturmovik: Cliffs of Dover,PC,6.0,2011,9,6,12838,Simulation,Ubisoft,0.0,0.04,0.0,0.01,0.05
Driver: San Francisco,PC,8.0,2011,8,26,8058,Racing,Ubisoft,0.05,0.1,0.0,0.03,0.18
The Sims Medieval: Pirates and Nobles,PC,5.5,2011,9,21,8824,Simulation,Electronic Arts,0.05,0.08,0.0,0.02,0.15
Red Orchestra 2: Heroes of Stalingrad,PC,8.0,2011,9,21,9316,Shooter,Tripwire Interactive,0.04,0.07,0.0,0.02,0.14
Call of Juarez: The Cartel,PC,4.5,2011,9,16,10248,Shooter,Ubisoft,0.05,0.05,0.0,0.01,0.11
Rage,PC,8.5,2011,10,4,5120,Shooter,Bethesda Softworks,0.14,0.18,0.0,0.06,0.37
Dead Rising 2: Off the Record,PC,7.0,2011,10,11,12481,Action,Capcom,0.04,0.02,0.0,0.01,0.06
A Game of Thrones: Genesis,PC,6.0,2011,10,14,14078,Strategy,Focus Home Interactive,0.0,0.03,0.0,0.01,0.04
The Binding of Isaac,PC,7.5,2011,10,11,14252,Action,Unknown,0.0,0.03,0.0,0.0,0.03
Battlefield 3,PC,9.0,2011,10,24,534,Shooter,Electronic Arts,0.89,1.43,0.0,0.48,2.79
Off-Road Drive,PC,5.0,2011,10,13,13726,Racing,1C Company,0.0,0.03,0.0,0.01,0.04
Football Manager 2012,PC,9.0,2011,10,17,1246,Sports,Sega,0.02,1.16,0.0,0.34,1.51
Might & Magic Heroes VI,PC,8.0,2011,10,25,5702,Role-Playing,Ubisoft,0.12,0.14,0.0,0.05,0.31
The Lord of the Rings: War in the North,PC,7.0,2011,11,1,7998,Action,Warner Bros. Interactive Entertainment,0.04,0.11,0.0,0.03,0.18
Dungeon Defenders,PC,8.5,2011,11,1,15270,Role-Playing,Unknown,0.02,0.0,0.0,0.0,0.02
Call of Duty: Modern Warfare 3,PC,9.0,2011,11,9,1039,Shooter,Activision,0.41,0.98,0.0,0.33,1.72
Sonic Generations,PC,8.5,2011,11,5,10268,Platform,Sega,0.02,0.07,0.0,0.02,0.11
Stronghold 3,PC,5.5,2011,11,4,8505,Strategy,N/A,0.06,0.1,0.0,0.0,0.16
Serious Sam 3: BFE,PC,7.0,2011,12,1,11521,Shooter,Mastertronic,0.01,0.05,0.0,0.01,0.08
The Elder Scrolls V: Skyrim,PC,9.5,2011,11,10,311,Role-Playing,Bethesda Softworks,1.15,2.09,0.0,0.64,3.88
Batman: Arkham City,PC,9.5,2011,11,29,3791,Action,Warner Bros. Interactive Entertainment,0.16,0.28,0.0,0.09,0.53
Saints Row: The Third,PC,8.5,2011,11,21,5059,Action,THQ,0.16,0.16,0.0,0.06,0.38
Trine 2,PC,9.0,2011,12,19,13982,Platform,Focus Home Interactive,0.0,0.03,0.0,0.01,0.04
Anno 2070,PC,8.5,2011,12,2,1322,Strategy,Ubisoft,0.0,1.13,0.0,0.32,1.45
Oil Rush,PC,6.5,2012,1,31,15352,Strategy,Iceberg Interactive,0.0,0.02,0.0,0.0,0.02
The Darkness II,PC,8.0,2012,2,7,9201,Shooter,Take-Two Interactive,0.1,0.03,0.0,0.01,0.14
Kingdoms of Amalur: Reckoning,PC,9.0,2012,2,7,5788,Role-Playing,Electronic Arts,0.14,0.13,0.0,0.04,0.31
Mass Effect 3,PC,9.5,2012,3,12,2133,Role-Playing,Electronic Arts,0.4,0.44,0.0,0.13,0.97
Alan Wake,PC,9.0,2012,2,15,12110,Action,Nordic Games,0.0,0.06,0.0,0.01,0.07
Rayman Origins,PC,9.5,2012,3,29,11605,Platform,Ubisoft,0.0,0.06,0.0,0.01,0.08
Syndicate,PC,7.5,2012,2,21,12528,Strategy,Electronic Arts,0.0,0.05,0.0,0.01,0.06
Risen 2: Dark Waters,PC,6.5,2012,4,23,7061,Role-Playing,Deep Silver,0.0,0.19,0.0,0.04,0.23
Max Payne 3,PC,9.0,2012,5,14,4535,Shooter,Take-Two Interactive,0.15,0.22,0.0,0.06,0.43
Diablo III,PC,9.5,2012,5,14,182,Role-Playing,Activision,2.43,2.15,0.0,0.62,5.2
Botanicula,PC,9.0,2012,4,26,14649,Adventure,Daedalic Entertainment,0.0,0.02,0.0,0.0,0.03
The Secret World,PC,7.0,2012,7,25,8263,Role-Playing,Funcom,0.07,0.08,0.0,0.02,0.17
Crysis 3,PC,8.5,2013,2,19,3134,Shooter,Electronic Arts,0.17,0.39,0.0,0.09,0.64
BioShock Infinite,PC,9.5,2013,3,21,3036,Shooter,Take-Two Interactive,0.28,0.3,0.0,0.08,0.67
SimCity,PC,7.0,2013,3,13,14510,Simulation,Maxis,0.0,0.02,0.0,0.01,0.03
Aliens: Colonial Marines,PC,5.0,2013,2,12,8116,Shooter,Sega,0.1,0.06,0.0,0.02,0.18
StarCraft II: Heart of the Swarm,PC,8.6,2013,3,19,1094,Strategy,Activision,0.82,0.65,0.0,0.19,1.67
Sniper: Ghost Warrior 2,PC,5.0,2013,3,19,11312,Shooter,City Interactive,0.02,0.05,0.0,0.01,0.08
Defiance,PC,5.9,2013,4,17,7486,Shooter,Trion Worlds,0.14,0.04,0.0,0.02,0.21
Tomb Raider,PC,9.1,2013,2,25,2024,Action,Eidos Interactive,0.96,0.07,0.0,0.0,1.03
Star Trek: The Game,PC,4.2,2013,4,26,14705,Action,Namco Bandai Games,0.0,0.02,0.0,0.0,0.03
Metro: Last Light,PC,7.7,2013,5,14,7746,Action,Deep Silver,0.06,0.11,0.0,0.02,0.19
Star Wars: The Old Republic,PC,9.0,2013,4,21,480,Role-Playing,Electronic Arts,1.58,1.01,0.0,0.38,2.97
Defiance,PC,5.9,2013,4,17,7486,Shooter,Trion Worlds,0.14,0.04,0.0,0.02,0.21
The Night of the Rabbit,PC,7.9,2013,6,7,13992,Adventure,Daedalic Entertainment,0.0,0.03,0.0,0.0,0.04
Tom Clancy's Splinter Cell: Blacklist,PC,9.2,2013,8,14,7828,Action,Ubisoft,0.04,0.13,0.0,0.03,0.19
Company of Heroes 2,PC,8.4,2013,6,26,5244,Strategy,THQ,0.06,0.25,0.0,0.05,0.36
Saints Row IV,PC,7.3,2013,8,14,7874,Action,Deep Silver,0.11,0.06,0.0,0.02,0.19
Lost Planet 3,PC,6.2,2013,8,27,13688,Shooter,Capcom,0.0,0.03,0.0,0.01,0.04
Total War: Rome II,PC,8.8,2013,9,6,2730,Strategy,Sega,0.12,0.53,0.0,0.11,0.76
The Bureau: XCOM Declassified,PC,5.5,2013,8,20,12954,Shooter,Take-Two Interactive,0.0,0.05,0.0,0.01,0.05
FIFA 14,PC,9.0,2013,9,23,4505,Sports,Electronic Arts,0.01,0.36,0.0,0.06,0.43
ArmA III,PC,7.0,2013,9,19,9891,Shooter,Bohemia Interactive,0.0,0.1,0.0,0.02,0.12
Pro Evolution Soccer 2014,PC,8.4,2013,9,18,10060,Action,Konami Digital Entertainment,0.0,0.09,0.0,0.02,0.11
LEGO Marvel Super Heroes,PC,9.0,2013,10,22,8097,Action,Warner Bros. Interactive Entertainment,0.04,0.12,0.0,0.02,0.18
Call of Duty: Ghosts,PC,8.8,2013,11,5,2799,Shooter,Activision,0.23,0.41,0.0,0.09,0.73
Contrast,PC,7.5,2013,11,13,15863,Platform,Focus Home Interactive,0.0,0.01,0.0,0.0,0.02
Football Manager 2014,PC,8.0,2013,10,31,2891,Sports,Sega,0.0,0.6,0.0,0.1,0.71
Assassin's Creed IV: Black Flag,PC,8.5,2013,10,29,2963,Action,Ubisoft,0.22,0.38,0.0,0.1,0.69
Battlefield 4,PC,8.5,2013,10,29,1388,Shooter,Electronic Arts,0.38,0.86,0.0,0.16,1.4
Need for Speed Rivals,PC,8.0,2013,11,20,6355,Racing,Electronic Arts,0.04,0.19,0.0,0.04,0.27
Batman: Arkham Origins,PC,7.8,2013,10,25,5584,Action,Warner Bros. Interactive Entertainment,0.13,0.16,0.0,0.04,0.32
Rocksmith 2014,PC,9.0,2013,10,22,3072,Misc,Ubisoft,0.35,0.24,0.0,0.07,0.66
X Rebirth,PC,4.3,2013,12,2,11341,Simulation,Koch Media,0.0,0.08,0.0,0.01,0.08
The LEGO Movie Videogame,PC,6.5,2014,2,13,12266,Action,Warner Bros. Interactive Entertainment,0.02,0.04,0.0,0.01,0.06
Titanfall,PC,8.9,2014,3,10,3459,Shooter,Electronic Arts,0.21,0.3,0.0,0.07,0.58
South Park: The Stick of Truth,PC,9.0,2014,3,4,7684,Role-Playing,Ubisoft,0.07,0.1,0.0,0.02,0.2
Castlevania: Lords of Shadow 2,PC,6.5,2014,2,25,13827,Action,Konami Digital Entertainment,0.01,0.03,0.0,0.0,0.04
Dark Souls II,PC,9.0,2014,3,11,8119,Role-Playing,Namco Bandai Games,0.08,0.08,0.0,0.02,0.18
The Elder Scrolls Online,PC,7.8,2014,3,31,2317,Role-Playing,Bethesda Softworks,0.32,0.48,0.0,0.09,0.9
Trials Fusion,PC,8.2,2014,4,16,14246,Racing,Ubisoft,0.0,0.03,0.0,0.0,0.03
Divinity: Original Sin,PC,9.0,2014,7,15,15766,Role-Playing,Focus Home Interactive,0.0,0.02,0.0,0.0,0.02
Murdered: Soul Suspect,PC,5.5,2014,6,3,12690,Action,Square Enix,0.0,0.05,0.0,0.01,0.06
Tropico 5,PC,7.2,2014,5,30,9904,Simulation,Kalypso Media,0.02,0.08,0.0,0.01,0.12
Watch Dogs,PC,8.4,2014,5,27,4335,Action,Ubisoft,0.14,0.26,0.0,0.05,0.45
Wolfenstein: The New Order,PC,7.8,2014,5,20,4246,Shooter,Bethesda Softworks,0.12,0.29,0.0,0.05,0.46
Sacred 3,PC,6.5,2014,8,5,15148,Role-Playing,Deep Silver,0.0,0.02,0.0,0.0,0.02
Risen 3: Titan Lords,PC,5.2,2014,8,12,10840,Role-Playing,Deep Silver,0.0,0.08,0.0,0.01,0.09
Sherlock Holmes: Crimes & Punishments,PC,7.5,2014,9,30,13052,Adventure,Focus Home Interactive,0.0,0.05,0.0,0.0,0.05
Wasteland 2,PC,8.4,2014,9,24,10758,Role-Playing,inXile Entertainment,0.02,0.06,0.0,0.01,0.1
The Sims 4,PC,7.5,2014,9,2,479,Simulation,Electronic Arts,0.96,1.72,0.0,0.29,2.97
Borderlands: The Pre-Sequel,PC,8.0,2014,10,13,6073,Shooter,Take-Two Interactive,0.11,0.15,0.0,0.03,0.29
Football Manager 2015,PC,8.9,2014,11,7,4124,Simulation,Sega,0.0,0.43,0.0,0.05,0.48
Alien: Isolation,PC,5.9,2014,10,3,8962,Shooter,Sega,0.0,0.13,0.0,0.01,0.15
Call of Duty: Advanced Warfare,PC,9.1,2014,11,3,4742,Shooter,Activision,0.14,0.23,0.0,0.04,0.41
Pro Evolution Soccer 2015,PC,9.0,2014,11,14,12229,Sports,Konami Digital Entertainment,0.0,0.06,0.0,0.01,0.07
Lords of the Fallen,PC,7.4,2014,10,28,14472,Role-Playing,Square Enix,0.0,0.03,0.0,0.0,0.03
Far Cry 4,PC,8.5,2014,11,14,3249,Shooter,Ubisoft,0.15,0.42,0.0,0.05,0.62
Sid Meier's Civilization: Beyond Earth,PC,7.9,2014,10,23,5152,Strategy,Take-Two Interactive,0.11,0.22,0.0,0.03,0.37
World of Warcraft: Warlords of Draenor,PC,9.0,2014,11,13,4109,Action,Activision Blizzard,0.08,0.36,0.0,0.04,0.48
Dragon Age: Inquisition,PC,8.8,2014,11,11,2810,Role-Playing,Electronic Arts,0.32,0.34,0.0,0.07,0.73
The Crew,PC,6.0,2014,12,2,8600,Racing,Ubisoft,0.0,0.15,0.0,0.01,0.16
Evolve,PC,9.0,2015,2,12,8029,Shooter,Take-Two Interactive,0.07,0.1,0.0,0.01,0.18
Grand Theft Auto V,PC,10.0,2015,4,14,1898,Action,Take-Two Interactive,0.36,0.64,0.0,0.08,1.08
Dying Light,PC,8.5,2015,1,27,8077,Action,Warner Bros. Interactive Entertainment,0.11,0.06,0.0,0.02,0.18
The Witcher 3: Wild Hunt,PC,9.3,2015,5,12,3028,Role-Playing,Namco Bandai Games,0.2,0.42,0.0,0.05,0.67
Wolfenstein: The Old Blood,PC,7.0,2015,5,8,11466,Action,Bethesda Softworks,0.0,0.08,0.0,0.0,0.08
Pillars of Eternity,PC,9.0,2015,3,27,15926,Role-Playing,Paradox Interactive,0.0,0.01,0.0,0.0,0.02
Project CARS,PC,8.9,2015,5,6,10167,Racing,Slightly Mad Studios,0.0,0.1,0.0,0.01,0.11
Cities: Skylines,PC,8.5,2015,3,10,9232,Simulation,Paradox Interactive,0.0,0.13,0.0,0.01,0.14
Total War: Attila,PC,8.1,2015,2,12,6989,Strategy,Sega,0.09,0.13,0.0,0.02,0.23
Rocket League,PC,8.0,2015,7,15,15153,Sports,505 Games,0.01,0.01,0.0,0.0,0.02
LEGO Jurassic World,PC,7.6,2015,6,22,13912,Action,Warner Bros. Interactive Entertainment,0.0,0.04,0.0,0.0,0.04
F1 2015,PC,4.8,2015,7,17,13342,Racing,Codemasters,0.0,0.04,0.0,0.0,0.05
Fallout 4,PC,9.5,2015,11,9,1632,Role-Playing,Bethesda Softworks,0.5,0.63,0.0,0.1,1.23
Rise of the Tomb Raider,PC,9.3,2015,11,9,10733,Adventure,Square Enix,0.0,0.09,0.0,0.01,0.1
Anno 2205,PC,7.0,2015,11,4,6745,Strategy,Ubisoft,0.02,0.22,0.0,0.01,0.25
Just Cause 3,PC,8.0,2015,11,30,9138,Action,Square Enix,0.03,0.11,0.0,0.01,0.14
Might & Magic Heroes VII,PC,6.4,2015,10,2,11214,Strategy,Ubisoft,0.0,0.08,0.0,0.0,0.09
StarCraft II: Legacy of the Void,PC,8.9,2015,11,21,3890,Strategy,Activision,0.18,0.29,0.0,0.04,0.51
Plants vs. Zombies: Garden Warfare 2,PC,8.2,2016,2,24,13438,Shooter,Electronic Arts,0.0,0.04,0.0,0.0,0.05
Resident Evil Zero,PC,6.5,2016,1,19,15440,Action,Capcom,0.01,0.01,0.0,0.0,0.02
Street Fighter V,PC,8.0,2016,2,15,13046,Fighting,Capcom,0.0,0.05,0.0,0.0,0.05
XCOM 2,PC,9.3,2016,2,1,7566,Strategy,Take-Two Interactive,0.09,0.1,0.0,0.02,0.2
Metal Gear Solid V: The Phantom Pain,PC,10.0,2015,8,24,11704,Action,Konami Digital Entertainment,0.0,0.07,0.0,0.0,0.08
World of Warcraft: Legion,PC,9.1,2016,9,9,6089,Role-Playing,Activision,0.14,0.12,0.0,0.02,0.29
Tom Clancy's The Division,PC,6.7,2016,3,17,5106,Shooter,Ubisoft,0.2,0.14,0.0,0.03,0.37
Dark Souls III,PC,9.5,2016,4,4,12901,Role-Playing,Namco Bandai Games,0.0,0.05,0.0,0.0,0.05
The Technomancer,PC,4.9,2016,6,28,16402,Role-Playing,Focus Home Interactive,0.0,0.01,0.0,0.0,0.01
Homefront: The Revolution,PC,5.0,2016,5,17,15342,Shooter,Deep Silver,0.0,0.02,0.0,0.0,0.02
Doom,PC,7.1,2016,5,16,14602,Shooter,id Software,0.02,0.0,0.0,0.0,0.03
Stellaris,PC,6.3,2016,5,9,14638,Strategy,Paradox Interactive,0.0,0.03,0.0,0.0,0.03
Mirror's Edge Catalyst,PC,6.8,2016,6,6,13102,Platform,Electronic Arts,0.01,0.03,0.0,0.01,0.05
Battleborn,PC,7.1,2016,5,6,12007,Shooter,Take-Two Interactive,0.03,0.03,0.0,0.01,0.07
Hearts of Iron IV,PC,9.0,2016,6,6,14386,Strategy,Paradox Interactive,0.0,0.03,0.0,0.0,0.03
Overwatch,PC,9.4,2016,5,28,4511,Shooter,Activision,0.22,0.18,0.0,0.04,0.43
Deus Ex: Mankind Divided,PC,9.2,2016,8,19,15412,Role-Playing,Square Enix,0.0,0.02,0.0,0.0,0.02
