title,platform,score,release_year,release_month,release_day,Rank,Genre,Publisher,NA_Sales,EU_Sales,JP_Sales,Other_Sales,Global_Sales,Critic_Score,Critic_Count,User_Score,User_Count
Guild Wars 2,PC,9.0,2012,9,11,693,Action,NCSoft,0.95,1.06,0.0,0.29,2.3,90,69,7.9,2954
World of Warcraft: Mists of Pandaria,PC,8.7,2012,10,4,947,Role-Playing,Activision,0.84,0.76,0.0,0.23,1.83,82,42,4.8,1265
NBA 2K13,PC,9.1,2012,9,27,14414,Sports,Take-Two Interactive,0.0,0.02,0.0,0.0,0.03,88,41,7.2,131
Edna & Harvey: Harvey's New Eyes,PC,6.0,2012,10,26,11230,Adventure,Rondomedia,0.0,0.07,0.0,0.01,0.09,,,,
Darksiders II,PC,7.5,2012,8,17,8700,Action,Nordic Games,0.03,0.1,0.0,0.03,0.16,84,39,7.1,422
FIFA Soccer 13,PC,9.0,2012,9,20,4775,Action,Electronic Arts,0.02,0.31,0.0,0.07,0.41,88,37,6.6,348
XCOM: Enemy Unknown,PC,8.2,2012,10,8,2826,Strategy,Take-Two Interactive,0.26,0.36,0.0,0.1,0.72,89,57,8.2,2235
F1 2012,PC,9.0,2012,9,17,8930,Racing,Codemasters,0.01,0.11,0.0,0.03,0.15,81,23,7.5,54
Dishonored,PC,9.2,2012,10,7,3938,Action,Bethesda Softworks,0.26,0.19,0.0,0.06,0.51,88,56,7.9,815
Pro Evolution Soccer 2013,PC,8.5,2012,9,17,11216,Sports,Konami Digital Entertainment,0.0,0.07,0.0,0.01,0.09,82,37,6.7,146
Borderlands 2,PC,9.0,2012,9,13,2226,Shooter,Take-Two Interactive,0.42,0.41,0.0,0.11,0.93,89,59,8.2,892
Call of Duty: Black Ops II,PC,9.3,2012,11,13,1219,Shooter,Activision,0.63,0.69,0.0,0.21,1.53,83,21,5.3,922
Farming Simulator 2013,PC,7.1,2012,11,7,2104,Simulation,Focus Home Interactive,0.0,0.8,0.0,0.18,0.99,65,12,7.5,111
Football Manager 2013,PC,9.0,2012,11,3,1736,Sports,Sega,0.0,0.95,0.0,0.22,1.17,86,37,6.7,228
The Sims 3: Seasons,PC,7.5,2012,12,17,8453,Simulation,Electronic Arts,0.0,0.13,0.0,0.03,0.17,73,12,7.5,48
Hitman: Absolution,PC,9.0,2012,11,18,6709,Action,Square Enix,0.03,0.17,0.0,0.04,0.25,83,30,7.5,511
Assassin's Creed III,PC,8.6,2012,11,23,2204,Action,Ubisoft,0.28,0.53,0.0,0.13,0.94,85,41,6.9,1307
Far Cry 3,PC,9.0,2012,11,21,2108,Shooter,Ubisoft,0.21,0.62,0.0,0.14,0.98,90,32,8.5,1041
Caesar III,PC,8.7,1998,10,8,14038,Strategy,Vivendi Games,0.0,0.03,0.0,0.01,0.04,,,8.7,50
Tomb Raider III: Adventures of Lara Croft,PC,7.7,1998,12,10,3279,Action,Eidos Interactive,0.59,0.03,0.0,0.0,0.62,,,8.2,29
Half-Life,PC,9.5,1998,11,25,282,Shooter,Vivendi Games,4.03,0.0,0.09,0.0,4.12,96,24,9.1,3161
Command & Conquer: Tiberian Sun,PC,8.0,1999,9,3,1207,Strategy,Westwood Studios,1.55,0.0,0.0,0.0,1.55,,,,
Age of Empires II: The Age of Kings,PC,8.8,1999,10,8,10693,Strategy,Microsoft Game Studios,0.01,0.08,0.0,0.02,0.1,92,21,9,801
Homeworld,PC,9.5,1999,10,1,15137,Strategy,Vivendi Games,0.0,0.02,0.0,0.0,0.02,93,20,9,326
Pharaoh,PC,9.0,1999,11,12,14936,Strategy,Vivendi Games,0.0,0.02,0.0,0.0,0.02,,,8.6,45
Sim Theme Park,PC,8.4,1999,11,19,807,Strategy,Electronic Arts,2.04,0.04,0.0,0.0,2.08,,,8.3,14
Tomb Raider: The Last Revelation,PC,7.0,1999,12,10,4686,Action,Eidos Interactive,0.41,0.0,0.0,0.0,0.41,,,,
Planescape: Torment,PC,9.2,1999,12,17,14073,Role-Playing,Interplay,0.01,0.02,0.0,0.01,0.04,91,22,9.2,813
The Sims,PC,9.5,2000,2,4,13289,Simulation,Electronic Arts,0.01,0.03,0.0,0.01,0.05,92,38,7.9,451
Deus Ex,PC,9.4,2000,6,27,16166,Role-Playing,Eidos Interactive,0.0,0.01,0.0,0.0,0.01,90,28,9.3,1069
StarCraft,PC,9.5,2000,6,2,13231,Strategy,Activision,0.0,0.04,0.0,0.01,0.05,88,15,9.1,813
Diablo II,PC,8.3,2000,7,7,9449,Role-Playing,Havas Interactive,0.01,0.09,0.0,0.02,0.13,88,34,8.8,1056
Command & Conquer: Red Alert 2,PC,9.3,2000,10,24,1465,Strategy,Electronic Arts,1.32,0.02,0.0,0.0,1.34,,,,
The Longest Journey,PC,9.3,2000,11,20,15682,Adventure,Empire Interactive,0.0,0.01,0.0,0.0,0.02,91,26,8.9,439
Airline Tycoon,PC,7.9,2001,2,20,15654,Simulation,Interplay,0.0,0.01,0.0,0.0,0.02,,,8,9
Black & White,PC,9.7,2001,3,27,13632,Strategy,Electronic Arts,0.0,0.04,0.0,0.01,0.04,,,,
Cossacks: European Wars,PC,7.5,2001,4,17,14691,Strategy,Strategy First,0.0,0.02,0.0,0.0,0.03,74,16,8.6,60
The Sims: House Party,PC,7.0,2001,3,30,757,Simulation,Electronic Arts,1.23,0.83,0.0,0.1,2.16,74,17,7.9,30
Microsoft Train Simulator,PC,8.0,2001,6,20,13331,Simulation,Microsoft Game Studios,0.0,0.04,0.0,0.01,0.05,84,16,8.4,21
Worms World Party,PC,8.0,2001,6,18,15780,Strategy,Virgin Interactive,0.0,0.01,0.0,0.0,0.02,75,8,7.6,68
Diablo II: Lord of Destruction,PC,8.8,2001,7,5,1959,Role-Playing,Vivendi Games,1.03,0.02,0.0,0.0,1.06,87,21,9.1,639
Max Payne,PC,9.3,2001,7,27,15142,Shooter,Take-Two Interactive,0.0,0.02,0.0,0.0,0.02,80,21,8.5,86
Stronghold,PC,8.7,2001,10,26,10007,Strategy,Gathering of Developers,0.0,0.09,0.0,0.02,0.11,81,19,8.9,224
Harry Potter and the Sorcerer's Stone,PC,6.4,2001,11,16,12686,Action,Electronic Arts,0.01,0.04,0.0,0.01,0.06,64,11,7.5,41
IL-2 Sturmovik,PC,8.3,2001,11,28,16070,Simulation,Blue Byte,0.0,0.01,0.0,0.0,0.01,91,12,8.8,130
Empire Earth,PC,8.5,2001,11,29,13169,Strategy,Vivendi Games,0.0,0.04,0.0,0.01,0.05,81,23,8.2,126
The Sims: Hot Date,PC,8.4,2001,12,6,956,Simulation,Electronic Arts,1.81,0.0,0.0,0.0,1.82,85,17,7.9,70
Command & Conquer Renegade,PC,7.4,2002,3,4,16342,Shooter,Electronic Arts,0.0,0.01,0.0,0.0,0.01,,,,
The Sims: Vacation,PC,8.0,2002,4,8,457,Simulation,Electronic Arts,1.72,1.21,0.0,0.14,3.07,75,18,7.8,22
Grand Theft Auto III,PC,9.4,2002,5,27,16096,Action,Take-Two Interactive,0.0,0.01,0.0,0.0,0.01,93,20,8.4,805
Neverwinter Nights,PC,9.0,2002,6,21,14330,Role-Playing,Atari,0.0,0.03,0.0,0.01,0.03,91,34,8.2,490
Warcraft III: Reign of Chaos,PC,9.3,2002,7,2,9518,Strategy,Vivendi Games,0.03,0.08,0.0,0.02,0.13,92,40,9.1,1023
Icewind Dale II,PC,9.0,2002,9,5,16358,Role-Playing,Interplay,0.0,0.01,0.0,0.0,0.01,83,22,8.3,147
Mafia,PC,9.2,2002,8,29,13370,Action,Take-Two Interactive,0.0,0.04,0.0,0.01,0.05,88,27,9.1,863
Battlefield 1942,PC,9.3,2002,9,16,14875,Shooter,Electronic Arts,0.01,0.01,0.0,0.0,0.03,89,27,8.6,327
Unreal Tournament 2003,PC,9.0,2002,9,27,16020,Shooter,Atari,0.0,0.01,0.0,0.0,0.01,86,27,8.2,98
RollerCoaster Tycoon 2,PC,8.0,2002,10,4,1595,Strategy,Atari,1.19,0.05,0.0,0.0,1.25,74,22,8.5,135
The Sims: Unleashed,PC,7.0,2002,10,3,329,Simulation,Electronic Arts,2.03,1.56,0.0,0.17,3.76,79,21,8,29
Syberia,PC,7.1,2002,10,10,14581,Action,Microids,0.0,0.02,0.0,0.0,0.03,82,26,8.5,235
Age of Mythology,PC,9.3,2002,11,4,11149,Strategy,Microsoft Game Studios,0.02,0.06,0.0,0.01,0.09,89,31,8.9,484
Harry Potter and the Chamber of Secrets,PC,8.0,2002,11,26,16146,Action,Electronic Arts,0.0,0.01,0.0,0.0,0.01,71,16,7.6,49
SimCity 4,PC,9.2,2003,1,14,5921,Simulation,Electronic Arts,0.01,0.24,0.0,0.05,0.3,84,36,8.7,268
Freelancer,PC,9.2,2003,2,26,13181,Simulation,Microsoft Game Studios,0.02,0.02,0.0,0.01,0.05,85,39,9,185
Post Mortem,PC,7.9,2003,2,25,15711,Adventure,Microids,0.0,0.01,0.0,0.0,0.02,71,25,8,28
Praetorians,PC,8.9,2003,3,13,13496,Strategy,Eidos Interactive,0.0,0.04,0.0,0.0,0.04,78,23,8.2,38
Vietcong,PC,7.0,2003,3,31,15457,Shooter,Gathering of Developers,0.0,0.02,0.0,0.0,0.02,74,22,8.7,76
Rayman 3: Hoodlum Havoc,PC,8.3,2003,4,10,14391,Platform,Ubisoft,0.0,0.03,0.0,0.01,0.03,76,21,8.6,38
Grand Theft Auto: Vice City,PC,9.3,2003,5,22,13734,Action,Take-Two Interactive,0.0,0.03,0.0,0.01,0.04,94,30,8.8,1520
Rise of Nations,PC,8.2,2003,5,21,13694,Strategy,Microsoft Game Studios,0.01,0.02,0.0,0.01,0.04,89,30,9,274
The Sims: Superstar,PC,8.3,2003,6,6,1080,Simulation,Electronic Arts,1.67,0.0,0.0,0.0,1.68,79,20,8.2,25
Microsoft Flight Simulator 2004: A Century of Flight,PC,9.0,2003,7,30,11974,Simulation,Microsoft Game Studios,0.0,0.06,0.0,0.01,0.07,88,22,8.2,49
EVE Online,PC,8.0,2003,6,23,7308,Role-Playing,CCP,0.0,0.19,0.0,0.02,0.22,69,22,7.5,280
Warcraft III: The Frozen Throne,PC,9.0,2003,7,1,1214,Strategy,Activision,0.58,0.87,0.0,0.09,1.54,88,23,9,713
Star Wars Jedi Knight: Jedi Academy,PC,8.8,2003,9,15,14091,Shooter,Activision,0.0,0.03,0.0,0.01,0.04,76,30,8.7,30
Homeworld 2,PC,9.0,2003,9,16,14384,Strategy,Vivendi Games,0.0,0.03,0.0,0.01,0.03,83,31,8.3,128
Age of Mythology: The Titans,PC,8.9,2003,9,29,14003,Strategy,Microsoft Game Studios,0.01,0.02,0.0,0.0,0.04,84,25,8.7,119
Halo: Combat Evolved,PC,8.2,2003,9,27,13886,Shooter,Microsoft Game Studios,0.01,0.02,0.0,0.01,0.04,83,40,7.4,396
Max Payne 2: The Fall of Max Payne,PC,9.4,2003,10,16,14725,Shooter,Take-Two Interactive,0.0,0.02,0.0,0.0,0.03,73,27,8.2,63
Commandos 3: Destination Berlin,PC,8.9,2003,10,15,15495,Strategy,Eidos Interactive,0.0,0.02,0.0,0.0,0.02,72,24,7.6,83
The Sims: Makin' Magic,PC,8.2,2003,10,29,900,Simulation,Electronic Arts,1.03,0.8,0.0,0.09,1.92,80,22,8.6,31
Need for Speed Underground,PC,9.0,2003,11,14,13227,Racing,Electronic Arts,0.0,0.04,0.0,0.01,0.05,85,33,8.6,171
Railroad Tycoon 3,PC,8.8,2003,11,6,13948,Strategy,Gathering of Developers,0.0,0.03,0.0,0.01,0.04,80,19,7.7,57
Uru: Ages Beyond Myst,PC,9.0,2003,12,4,15513,Adventure,Ubisoft,0.0,0.02,0.0,0.0,0.02,79,22,7.6,29
Legacy of Kain: Defiance,PC,8.0,2003,12,18,16450,Action,Eidos Interactive,0.0,0.01,0.0,0.0,0.01,75,34,9.3,49
Lock On: Modern Air Combat,PC,7.8,2003,12,19,14369,Simulation,Ubisoft,0.0,0.03,0.0,0.01,0.03,76,20,7.5,549
Unreal Tournament 2004,PC,9.4,2004,3,11,15674,Shooter,Atari,0.0,0.01,0.0,0.0,0.02,93,48,8.9,537
Far Cry,PC,9.2,2004,3,19,13252,Shooter,Ubisoft,0.0,0.04,0.0,0.01,0.05,89,72,8.1,724
Syberia II,PC,8.6,2004,3,17,15695,Adventure,MC2 Entertainment,0.0,0.01,0.0,0.0,0.02,71,7,8.7,6
Battlefield Vietnam,PC,8.2,2004,3,16,14658,Shooter,Electronic Arts,0.0,0.02,0.0,0.0,0.03,84,48,7.5,133
Painkiller,PC,7.0,2004,4,12,15254,Shooter,DreamCatcher Interactive,0.0,0.02,0.0,0.0,0.02,81,62,8.1,284
Harry Potter and the Prisoner of Azkaban,PC,6.0,2004,6,9,13907,Action,Electronic Arts,0.0,0.03,0.0,0.01,0.04,70,29,8.7,29
Doom 3,PC,8.9,2004,8,5,10574,Shooter,Activision,0.05,0.04,0.0,0.01,0.1,87,83,7.6,896
The Sims 2,PC,9.4,2004,9,10,5871,Simulation,Electronic Arts,0.02,0.24,0.0,0.05,0.3,90,61,8.8,676
Knights of Honor,PC,7.7,2004,10,1,14418,Strategy,Sunflowers,0.0,0.02,0.0,0.01,0.03,77,26,9.1,89
Rome: Total War,PC,9.4,2004,9,22,10489,Strategy,Activision,0.0,0.08,0.0,0.02,0.1,92,58,9.1,1050
"Warhammer 40,000: Dawn of War",PC,8.8,2004,9,20,13141,Strategy,THQ,0.01,0.03,0.0,0.01,0.05,86,51,8.8,295
Evil Genius,PC,7.8,2004,9,28,15915,Strategy,Vivendi Games,0.0,0.01,0.0,0.0,0.02,75,51,8.3,106
Tiger Woods PGA Tour 2005,PC,9.0,2004,9,27,16165,Sports,Electronic Arts,0.0,0.01,0.0,0.0,0.01,88,30,8.2,20
Half-Life 2,PC,9.7,2004,11,15,667,Shooter,Vivendi Games,2.28,0.02,0.08,0.0,2.37,96,81,9.1,8665
Need for Speed Underground 2,PC,9.1,2004,11,12,11666,Racing,Electronic Arts,0.0,0.06,0.0,0.01,0.08,82,39,8.6,132
RollerCoaster Tycoon 3,PC,8.5,2004,10,27,6209,Strategy,Atari,0.01,0.22,0.0,0.05,0.28,81,39,5,346
Colin McRae Rally 2005,PC,9.1,2004,11,19,15788,Racing,Codemasters,0.0,0.01,0.0,0.0,0.02,83,35,7.5,6
Zoo Tycoon 2,PC,7.5,2004,11,17,12552,Strategy,Microsoft Game Studios,0.0,0.05,0.0,0.01,0.06,72,34,8.1,43
World of Warcraft,PC,9.1,2004,12,10,138,Role-Playing,Activision,0.07,6.21,0.0,0.0,6.28,93,57,7.3,2182
Star Wars Knights of the Old Republic II: The Sith Lords,PC,8.7,2005,2,8,12350,Role-Playing,LucasArts,0.01,0.04,0.0,0.01,0.06,,,,
The Sims 2: University,PC,8.5,2005,2,28,12674,Simulation,Electronic Arts,0.01,0.04,0.0,0.01,0.06,81,31,7.8,49
Silent Hunter III,PC,8.8,2005,3,18,11515,Simulation,Ubisoft,0.0,0.07,0.0,0.01,0.08,90,23,7.9,95
LEGO Star Wars: The Video Game,PC,7.8,2005,3,28,15790,Action,Eidos Interactive,0.0,0.01,0.0,0.0,0.02,,,,
SWAT 4,PC,9.0,2005,3,30,14844,Shooter,Vivendi Games,0.0,0.02,0.0,0.0,0.03,85,49,8.6,224
Empire Earth II,PC,8.9,2005,4,25,14411,Strategy,Vivendi Games,0.0,0.03,0.0,0.0,0.03,79,39,7.1,89
Imperial Glory,PC,8.5,2005,6,1,13679,Strategy,Eidos Interactive,0.0,0.04,0.0,0.0,0.04,69,28,8.4,73
Battlefield 2,PC,8.9,2005,6,19,11290,Shooter,Electronic Arts,0.0,0.07,0.0,0.02,0.08,91,55,8.4,837
Grand Theft Auto: San Andreas,PC,9.3,2005,6,7,2122,Action,Take-Two Interactive,0.0,0.92,0.0,0.05,0.98,93,58,8.6,118
Guild Wars,PC,9.0,2005,5,11,14799,Role-Playing,NCSoft,0.02,0.0,0.0,0.0,0.03,89,53,8.4,455
Dungeon Siege II,PC,8.5,2005,8,15,14839,Role-Playing,Microsoft Game Studios,0.0,0.02,0.0,0.0,0.03,80,51,7.9,159
Fable: The Lost Chapters,PC,8.7,2005,9,16,11946,Role-Playing,Microsoft Game Studios,0.01,0.05,0.0,0.01,0.07,83,54,8.7,489
Indigo Prophecy,PC,8.4,2005,9,20,15203,Adventure,Atari,0.0,0.02,0.0,0.0,0.02,83,47,7.8,104
The Sims 2: Nightlife,PC,8.2,2005,9,12,1554,Simulation,Electronic Arts,1.22,0.05,0.0,0.0,1.27,76,31,6.6,71
Black & White 2,PC,8.8,2005,9,28,10952,Strategy,Electronic Arts,0.01,0.07,0.0,0.01,0.09,,,,
Age of Empires III,PC,8.8,2005,10,14,4928,Strategy,Microsoft Game Studios,0.0,0.32,0.0,0.07,0.39,81,52,7.7,519
Quake 4,PC,8.1,2005,10,13,15185,Shooter,Activision,0.0,0.02,0.0,0.0,0.02,75,52,6.7,80
Serious Sam II,PC,8.2,2005,10,11,16006,Shooter,Take-Two Interactive,0.0,0.01,0.0,0.0,0.01,72,34,6.7,11
Sid Meier's Civilization IV,PC,9.4,2005,10,21,8352,Strategy,Take-Two Interactive,0.02,0.12,0.0,0.03,0.17,94,50,8.3,909
Call of Duty 2,PC,8.5,2005,10,25,12410,Shooter,Activision,0.0,0.05,0.0,0.01,0.06,89,65,8.1,307
The Movies,PC,8.0,2005,11,8,13835,Simulation,Activision,0.01,0.03,0.0,0.01,0.04,84,62,8.3,131
Heroes of the Pacific,PC,8.0,2005,11,4,15433,Simulation,Codemasters,0.0,0.02,0.0,0.0,0.02,76,31,8.4,15
Sniper Elite,PC,7.5,2005,11,2,15838,Shooter,MC2 Entertainment,0.0,0.01,0.0,0.0,0.02,76,21,8.9,36
The Incredibles: Rise of the Underminer,PC,6.0,2005,12,1,15822,Action,THQ,0.01,0.0,0.0,0.0,0.02,,,tbd,
Starship Troopers,PC,5.0,2005,12,5,15463,Shooter,Empire Interactive,0.0,0.02,0.0,0.0,0.02,46,18,6.1,29
TOCA Race Driver 3,PC,8.7,2006,2,24,15346,Racing,Codemasters,0.0,0.02,0.0,0.0,0.02,82,26,7.2,15
Star Wars: Empire at War,PC,7.6,2006,2,15,11160,Strategy,LucasArts,0.01,0.06,0.0,0.02,0.09,79,45,8.4,240
Tycoon City: New York,PC,7.0,2006,3,15,15471,Strategy,Atari,0.0,0.02,0.0,0.0,0.02,67,30,8.3,4
The Sims 2: Open for Business,PC,7.8,2006,3,14,3873,Simulation,Electronic Arts,0.46,0.05,0.0,0.0,0.52,78,29,8.6,35
Blazing Angels: Squadrons of WWII,PC,6.8,2006,3,27,15753,Simulation,Ubisoft,0.01,0.0,0.0,0.0,0.02,67,26,6.9,9
The Elder Scrolls IV: Oblivion,PC,9.3,2006,3,24,6507,Role-Playing,Take-Two Interactive,0.01,0.2,0.0,0.05,0.26,94,90,8.7,1109
Tomb Raider: Legend,PC,8.2,2006,4,5,15629,Action,Eidos Interactive,0.0,0.01,0.0,0.0,0.02,82,43,7.1,96
Rise of Nations: Rise of Legends,PC,8.2,2006,5,19,14161,Strategy,Microsoft Game Studios,0.0,0.03,0.0,0.01,0.03,84,46,8.5,108
Hitman: Blood Money,PC,8.0,2006,5,30,14084,Action,Eidos Interactive,0.0,0.03,0.0,0.01,0.04,83,36,8.4,104
Heroes of Might and Magic V,PC,7.8,2006,5,26,13660,Strategy,Ubisoft,0.0,0.03,0.0,0.01,0.04,77,41,7.9,349
Titan Quest,PC,8.1,2006,6,23,12718,Role-Playing,THQ,0.01,0.04,0.0,0.01,0.06,77,51,8.1,387
DarkStar One,PC,8.0,2006,8,23,14056,Simulation,Ubisoft,0.0,0.03,0.0,0.01,0.04,71,33,7.2,54
LEGO Star Wars II: The Original Trilogy,PC,8.0,2006,9,7,15748,Action,Activision,0.0,0.01,0.0,0.0,0.02,84,32,9,41
Just Cause,PC,6.8,2006,9,26,15751,Action,Eidos Interactive,0.0,0.01,0.0,0.0,0.02,73,57,7.2,52
Scarface: The World is Yours,PC,8.7,2006,10,6,13851,Action,Vivendi Games,0.01,0.02,0.0,0.01,0.04,75,46,8.6,113
Scarface: The World is Yours,PC,8.7,2006,10,6,13851,Action,Vivendi Games,0.01,0.02,0.0,0.01,0.04,75,46,8.6,113
Company of Heroes,PC,9.4,2006,9,11,13303,Strategy,THQ,0.0,0.04,0.0,0.01,0.05,93,55,8.8,1128
ParaWorld,PC,7.8,2006,9,28,14933,Strategy,Deep Silver,0.0,0.02,0.0,0.0,0.02,71,29,8.3,23
Battlefield 2142,PC,8.4,2006,10,20,14786,Shooter,Electronic Arts,0.0,0.02,0.0,0.0,0.03,80,48,6.8,326
Caesar IV,PC,7.7,2006,10,17,13871,Strategy,Vivendi Games,0.0,0.03,0.0,0.01,0.04,74,32,7.6,43
Neverwinter Nights 2,PC,8.5,2006,11,3,14873,Role-Playing,Atari,0.0,0.02,0.0,0.0,0.03,82,46,6.5,565
1701 A.D.,PC,8.2,2006,10,30,5843,Simulation,Deep Silver,0.0,0.25,0.0,0.05,0.3,79,30,8.3,38
Need for Speed Carbon,PC,8.2,2006,10,27,13153,Racing,Electronic Arts,0.0,0.04,0.0,0.01,0.05,77,52,6.3,82
Warhammer: Mark of Chaos,PC,8.0,2006,11,10,14673,Strategy,Deep Silver,0.0,0.02,0.0,0.0,0.03,73,32,7.4,57
Medieval II: Total War,PC,8.8,2006,11,10,10848,Strategy,Sega,0.0,0.08,0.0,0.02,0.09,88,39,8.9,648
Stronghold Legends,PC,5.7,2006,10,27,15684,Strategy,Take-Two Interactive,0.0,0.01,0.0,0.0,0.02,57,19,7.2,44
Guild Wars: Nightfall,PC,8.4,2006,11,9,14732,Role-Playing,NCSoft,0.0,0.02,0.0,0.01,0.03,84,30,8.7,104
The Sims 2: Pets,PC,7.4,2006,10,26,13618,Simulation,Electronic Arts,0.01,0.02,0.0,0.01,0.04,49,5,5.2,24
Marvel: Ultimate Alliance,PC,8.2,2006,10,25,16236,Role-Playing,Activision,0.01,0.0,0.0,0.0,0.01,82,68,7.5,120
Sid Meier's Railroads!,PC,8.0,2006,10,24,13858,Simulation,Take-Two Interactive,0.01,0.03,0.0,0.01,0.04,,,,
Microsoft Flight Simulator X,PC,7.0,2006,12,1,4550,Simulation,Microsoft Game Studios,0.02,0.34,0.0,0.07,0.43,80,28,7.6,95
Gothic 3,PC,4.9,2006,11,28,12752,Role-Playing,JoWood Productions,0.0,0.05,0.0,0.01,0.06,63,39,7.3,519
Secret Files: Tunguska,PC,7.6,2006,12,4,13444,Adventure,DreamCatcher Interactive,0.0,0.04,0.0,0.01,0.05,66,26,7.4,38
Star Trek: Legacy,PC,5.9,2006,12,11,15798,Simulation,Ubisoft,0.0,0.01,0.0,0.0,0.02,56,25,4,35
World of Warcraft: The Burning Crusade,PC,8.8,2007,1,30,289,Role-Playing,Activision,2.57,1.52,0.0,0.0,4.09,91,46,7.9,785
Battlestations: Midway,PC,8.5,2007,1,30,16276,Strategy,Eidos Interactive,0.0,0.01,0.0,0.0,0.01,73,55,7.1,40
Supreme Commander,PC,9.0,2007,2,16,13340,Strategy,THQ,0.0,0.04,0.0,0.01,0.05,86,44,8.3,263
Deal or No Deal,PC,3.1,2007,2,15,16516,Misc,Focus Home Interactive,0.0,0.01,0.0,0.0,0.01,,,7.5,8
Silent Hunter: Wolves of the Pacific,PC,8.8,2007,3,21,13308,Simulation,Ubisoft,0.0,0.04,0.0,0.01,0.05,79,22,6.9,40
The Sims 2: Seasons,PC,8.9,2007,3,20,12001,Simulation,Electronic Arts,0.01,0.04,0.0,0.01,0.07,78,20,7.3,29
S.T.A.L.K.E.R.: Shadow of Chernobyl,PC,8.2,2007,3,19,12624,Shooter,THQ,0.01,0.04,0.0,0.01,0.06,82,44,8.4,1088
IL-2 Sturmovik: 1946,PC,8.1,2007,3,23,13506,Simulation,Ubisoft,0.0,0.04,0.0,0.01,0.04,86,9,8.8,115
Test Drive Unlimited,PC,8.0,2007,4,3,15124,Racing,Atari,0.0,0.02,0.0,0.0,0.02,80,18,7.3,29
Spider-Man 3,PC,4.7,2007,5,8,15305,Platform,Activision,0.02,0.0,0.0,0.0,0.02,50,14,6.5,28
Resident Evil 4,PC,7.7,2007,5,25,14483,Action,Ubisoft,0.0,0.02,0.0,0.01,0.03,,,,
Halo 2,PC,7.5,2007,6,5,10818,Shooter,Microsoft Game Studios,0.01,0.06,0.0,0.02,0.1,72,32,5.6,216
Harry Potter and the Order of the Phoenix,PC,7.3,2007,6,28,13876,Action,Electronic Arts,0.0,0.03,0.0,0.01,0.04,51,15,4.9,19
Overlord,PC,8.0,2007,7,9,15147,Strategy,Codemasters,0.0,0.02,0.0,0.0,0.02,76,47,8.3,70
Call of Juarez,PC,6.8,2007,7,18,16013,Shooter,Ubisoft,0.0,0.01,0.0,0.0,0.01,72,25,7.8,223
BioShock,PC,9.7,2007,8,17,4691,Shooter,Take-Two Interactive,0.01,0.39,0.0,0.02,0.41,96,88,8.9,2249
World in Conflict,PC,9.3,2007,9,7,14020,Strategy,Vivendi Games,0.0,0.03,0.0,0.01,0.04,89,44,8.1,301
Combat Mission: Shock Force,PC,5.2,2007,9,12,14267,Strategy,Paradox Interactive,0.0,0.03,0.0,0.01,0.03,62,15,3.3,86
Medal of Honor: Airborne,PC,7.9,2007,9,4,12831,Shooter,Electronic Arts,0.0,0.04,0.0,0.01,0.05,75,16,7.6,39
The Sims 2: Bon Voyage,PC,8.0,2007,10,1,14770,Simulation,Electronic Arts,0.01,0.01,0.0,0.0,0.03,74,9,7.3,24
The Settlers: Rise of an Empire,PC,6.5,2007,10,1,14943,Strategy,Ubisoft,0.01,0.01,0.0,0.0,0.02,66,19,7.7,44
Company of Heroes: Opposing Fronts,PC,8.8,2007,9,28,13705,Strategy,THQ,0.01,0.03,0.0,0.01,0.04,87,36,8.6,235
Enemy Territory: Quake Wars,PC,8.5,2007,10,2,15898,Shooter,Activision,0.01,0.0,0.0,0.0,0.02,84,55,8.3,231
Spider-Man: Friend or Foe,PC,4.9,2007,10,5,16224,Action,Activision,0.01,0.0,0.0,0.0,0.01,55,12,tbd,
Neverwinter Nights 2: Mask of the Betrayer,PC,8.5,2007,10,15,16011,Role-Playing,Atari,0.0,0.01,0.0,0.0,0.01,82,25,8.8,182
The Orange Box,PC,9.5,2007,10,9,9064,Shooter,Electronic Arts,0.0,0.11,0.0,0.03,0.14,96,54,8.9,797
The Witcher,PC,8.5,2007,10,29,12467,Role-Playing,Atari,0.0,0.05,0.0,0.01,0.06,81,50,8.8,1116
Age of Empires III: The Asian Dynasties,PC,8.0,2007,10,23,12179,Strategy,Microsoft Game Studios,0.0,0.05,0.0,0.01,0.07,81,19,8.5,71
Clive Barker's Jericho,PC,5.6,2007,10,26,16436,Shooter,Codemasters,0.0,0.01,0.0,0.0,0.01,63,46,7.4,70
TimeShift,PC,7.6,2007,10,30,16290,Shooter,Vivendi Games,0.01,0.0,0.0,0.0,0.01,70,58,7.9,63
F.E.A.R. Perseus Mandate,PC,5.9,2007,11,6,16245,Shooter,Vivendi Games,0.01,0.0,0.0,0.0,0.01,61,27,7.3,106
Hellgate: London,PC,6.8,2007,11,5,15332,Role-Playing,Electronic Arts,0.0,0.02,0.0,0.0,0.02,70,40,6.3,374
Call of Duty 4: Modern Warfare,PC,9.4,2007,11,5,1771,Shooter,Activision,0.0,1.12,0.0,0.03,1.15,94,70,8.4,1320
Gears of War,PC,8.7,2007,11,7,15784,Shooter,Microsoft Game Studios,0.0,0.01,0.0,0.0,0.02,87,36,7.8,567
Crysis,PC,9.4,2007,11,12,2857,Shooter,Electronic Arts,0.0,0.69,0.0,0.03,0.72,91,56,8,1970
Supreme Commander: Forged Alliance,PC,8.6,2007,11,9,13854,Strategy,THQ,0.01,0.02,0.0,0.01,0.04,81,35,8.9,219
Empire Earth III,PC,5.4,2007,11,16,13774,Strategy,Vivendi Games,0.0,0.03,0.0,0.01,0.04,50,40,2.8,53
Guitar Hero III: Legends of Rock,PC,8.5,2007,11,13,16048,Misc,Aspyr,0.01,0.0,0.0,0.0,0.01,82,24,8.2,46
Unreal Tournament III,PC,9.0,2007,11,21,12398,Shooter,Midway Games,0.0,0.05,0.0,0.01,0.06,86,42,7.7,127
SimCity Societies,PC,5.8,2007,11,13,15017,Simulation,Electronic Arts,0.0,0.02,0.0,0.0,0.02,63,27,4.3,95
Pirates of the Burning Sea,PC,8.2,2008,2,12,15568,Role-Playing,Koch Media,0.0,0.01,0.0,0.0,0.02,76,30,7.6,61
Sins of a Solar Empire,PC,8.9,2008,2,15,14468,Strategy,Pinnacle,0.0,0.02,0.0,0.01,0.03,87,52,8.2,275
Rail Simulator,PC,7.0,2008,2,25,16180,Simulation,Electronic Arts,0.0,0.01,0.0,0.0,0.01,72,13,6.9,24
Conflict: Denied Ops,PC,4.0,2008,2,25,16259,Shooter,Eidos Interactive,0.0,0.01,0.0,0.0,0.01,52,35,4.9,22
Lost: Via Domus,PC,5.5,2008,2,29,15702,Action,Ubisoft,0.0,0.01,0.0,0.0,0.02,55,50,6.4,58
Frontlines: Fuel of War,PC,7.8,2008,2,26,15108,Shooter,THQ,0.0,0.02,0.0,0.0,0.02,75,55,7.8,77
Imperium Romanum,PC,6.0,2008,3,24,15965,Strategy,Kalypso Media,0.0,0.01,0.0,0.0,0.02,63,19,7.5,24
Jack Keane,PC,7.5,2008,4,28,14571,Adventure,Kalypso Media,0.0,0.02,0.0,0.0,0.03,69,25,7,21
Tom Clancy's Rainbow Six: Vegas 2,PC,7.7,2008,4,21,15007,Shooter,Ubisoft,0.0,0.02,0.0,0.0,0.02,82,66,7.8,176
Turok,PC,7.0,2008,4,24,15983,Action,Touchstone,0.0,0.01,0.0,0.0,0.01,69,63,7.1,120
Command & Conquer 3: Kane's Wrath,PC,7.9,2008,3,25,15604,Strategy,Electronic Arts,0.0,0.01,0.0,0.0,0.02,,,,
Mass Effect,PC,9.2,2008,5,27,3003,Role-Playing,Electronic Arts,0.0,0.59,0.0,0.09,0.68,89,45,8.6,2386
Kung Fu Panda,PC,7.4,2008,6,9,15035,Action,Activision,0.0,0.02,0.0,0.0,0.02,75,42,7.4,32
LEGO Indiana Jones: The Original Adventures,PC,8.0,2008,5,29,13597,Action,LucasArts,0.02,0.02,0.0,0.01,0.04,77,60,7.5,66
Stronghold Crusader Extreme,PC,4.8,2008,6,10,15029,Strategy,Gamecock,0.0,0.02,0.0,0.0,0.02,45,11,6.8,45
Alone in the Dark,PC,3.5,2008,7,8,16396,Adventure,Atari,0.0,0.01,0.0,0.0,0.01,58,53,5.7,162
Devil May Cry 4,PC,8.0,2008,7,23,13640,Action,Capcom,0.01,0.02,0.0,0.01,0.04,84,63,8.2,311
Legend: Hand of God,PC,6.0,2008,8,25,15222,Role-Playing,DTP Entertainment,0.0,0.02,0.0,0.0,0.02,57,9,5.8,19
Spore,PC,8.8,2008,9,4,1719,Strategy,Electronic Arts,0.03,1.06,0.0,0.09,1.17,84,75,5.3,1711
The Sims 2: Apartment Life,PC,7.7,2008,9,8,11084,Simulation,Electronic Arts,0.0,0.07,0.0,0.02,0.09,75,10,7.7,19
FlatOut: Ultimate Carnage,PC,7.8,2008,9,12,16248,Racing,Empire Interactive,0.0,0.01,0.0,0.0,0.01,79,16,7.7,127
S.T.A.L.K.E.R.: Clear Sky,PC,7.3,2008,9,5,14023,Shooter,Deep Silver,0.0,0.03,0.0,0.01,0.04,75,47,7.7,478
Peggle Nights,PC,8.4,2008,9,25,15592,Puzzle,PopCap Games,0.0,0.01,0.0,0.0,0.02,76,15,8.1,24
LEGO Batman: The Videogame,PC,7.7,2008,9,24,12574,Action,Warner Bros. Interactive Entertainment,0.02,0.03,0.0,0.01,0.06,76,49,7.9,75
4 Elements,PC,8.0,2008,9,19,12825,Puzzle,Mastertronic,0.0,0.04,0.0,0.01,0.05,,,7.4,19
So Blonde,PC,6.8,2008,10,13,15212,Adventure,Eidos Interactive,0.0,0.02,0.0,0.0,0.02,,,,
Brothers in Arms: Hell's Highway,PC,7.9,2008,10,7,15026,Shooter,Ubisoft,0.0,0.02,0.0,0.0,0.02,76,48,8,70
Warhammer Online: Age of Reckoning,PC,9.0,2008,10,9,14948,Role-Playing,GOA,0.0,0.02,0.0,0.0,0.02,86,54,7.9,374
World of Goo,PC,9.0,2008,10,20,14013,Puzzle,2D Boy,0.0,0.03,0.0,0.01,0.04,90,26,8.5,607
Dead Space,PC,8.7,2008,10,23,3384,Action,Electronic Arts,0.0,0.53,0.0,0.06,0.59,88,67,8.8,545
Fallout 3,PC,9.6,2008,10,27,2105,Role-Playing,Bethesda Softworks,0.02,0.88,0.0,0.08,0.99,93,84,8.5,1655
FIFA Soccer 09,PC,7.2,2008,10,22,15208,Sports,Electronic Arts,0.0,0.02,0.0,0.0,0.02,87,42,7.5,108
Far Cry 2,PC,8.9,2008,10,21,4078,Action,Ubisoft,0.01,0.45,0.0,0.03,0.49,85,75,6.7,288
Spider-Man: Web of Shadows,PC,5.3,2008,10,30,15260,Action,Activision,0.0,0.02,0.0,0.0,0.02,68,57,8.6,87
X3: Terran Conflict,PC,8.0,2008,10,29,14712,Simulation,Deep Silver,0.0,0.02,0.0,0.01,0.03,73,16,7.9,222
Bejeweled Twist,PC,7.4,2008,11,6,13045,Puzzle,PopCap Games,0.01,0.04,0.0,0.01,0.05,78,12,7.3,11
Bully: Scholarship Edition,PC,7.8,2008,10,28,14797,Action,Take-Two Interactive,0.0,0.02,0.0,0.0,0.03,80,56,8.3,154
Command & Conquer: Red Alert 3,PC,8.2,2008,10,28,3042,Strategy,Electronic Arts,0.01,0.64,0.0,0.02,0.67,,,,
Sacred 2: Fallen Angel,PC,7.5,2008,11,12,12479,Role-Playing,Ascaron Entertainment GmbH,0.0,0.05,0.0,0.01,0.06,71,41,6.9,203
Call of Duty: World at War,PC,9.2,2008,11,11,7951,Shooter,Activision,0.02,0.13,0.0,0.03,0.19,84,84,7.6,580
Left 4 Dead,PC,9.0,2008,11,17,15092,Shooter,Electronic Arts,0.0,0.02,0.0,0.0,0.02,89,67,7.9,1309
Sniper: Art of Victory,PC,3.0,2008,11,14,4064,Shooter,City Interactive,0.0,0.45,0.0,0.03,0.49,36,7,3.6,16
MySims,PC,7.0,2008,11,21,14731,Simulation,Electronic Arts,0.0,0.02,0.0,0.0,0.03,70,12,6.4,8
Agatha Christie: Death on the Nile,PC,5.3,2008,11,19,15614,Adventure,Big Fish Games,0.0,0.01,0.0,0.0,0.02,,,tbd,
Madagascar: Escape 2 Africa,PC,4.3,2008,11,17,16447,Action,Activision,0.01,0.0,0.0,0.0,0.01,55,6,tbd,
World of Warcraft: Wrath of the Lich King,PC,9.0,2008,11,26,1488,Role-Playing,Activision,0.01,0.13,0.0,1.18,1.32,91,47,7.5,930
Legendary,PC,2.5,2008,12,5,15544,Shooter,Atari,0.0,0.01,0.0,0.0,0.02,47,39,7.1,87
Grand Theft Auto IV,PC,9.2,2008,12,2,2359,Action,Take-Two Interactive,0.01,0.79,0.0,0.08,0.88,98,86,7.9,2951
Worldwide Soccer Manager 2009,PC,7.9,2008,12,18,1763,Simulation,Sega,0.0,1.14,0.0,0.01,1.15,83,29,8.1,30
Mount & Blade,PC,8.0,2008,12,17,15177,Role-Playing,Paradox Interactive,0.0,0.02,0.0,0.0,0.02,,,,
NHL 09,PC,5.5,2008,12,11,15446,Sports,Electronic Arts,0.0,0.02,0.0,0.0,0.02,88,41,8.4,61
A Vampyre Story,PC,7.6,2008,12,12,15827,Adventure,Crimson Cow,0.0,0.01,0.0,0.0,0.02,75,33,8.5,25
Saints Row 2,PC,6.3,2009,1,6,13906,Action,THQ,0.0,0.03,0.0,0.01,0.04,72,24,6.8,380
GTR Evolution,PC,8.5,2009,1,5,14503,Racing,Atari,0.0,0.02,0.0,0.01,0.03,83,19,8.2,63
Mirror's Edge,PC,8.5,2009,1,13,12705,Platform,Electronic Arts,0.0,0.05,0.0,0.01,0.06,81,44,8.1,1026
The Lord of the Rings: Conquest,PC,7.0,2009,1,16,14857,Action,Electronic Arts,0.0,0.02,0.0,0.0,0.03,54,45,7.1,57
Burnout Paradise: The Ultimate Box,PC,8.4,2009,2,3,10721,Racing,Electronic Arts,0.0,0.08,0.0,0.01,0.1,87,26,7.5,435
F.E.A.R. 2: Project Origin,PC,8.3,2009,2,10,11919,Shooter,Warner Bros. Interactive Entertainment,0.01,0.05,0.0,0.01,0.07,77,68,8,114
Empire: Total War,PC,9.5,2009,2,27,1884,Strategy,Sega,0.01,0.97,0.0,0.11,1.09,90,62,6.9,2981
Drakensang: The Dark Eye,PC,7.6,2009,2,23,15858,Role-Playing,Eidos Interactive,0.01,0.0,0.0,0.0,0.02,,,,
"Warhammer 40,000: Dawn of War II",PC,9.0,2009,2,17,4182,Strategy,THQ,0.0,0.45,0.0,0.02,0.47,85,67,8.1,1502
Tom Clancy's EndWar,PC,7.0,2009,3,3,15090,Strategy,Ubisoft,0.0,0.02,0.0,0.0,0.02,68,24,6.7,42
Grey's Anatomy: The Video Game,PC,6.0,2009,3,11,15112,Adventure,Ubisoft,0.0,0.02,0.0,0.0,0.02,65,4,tbd,
The Chronicles of Riddick: Assault on Dark Athena,PC,7.4,2009,3,31,16286,Shooter,Vivendi Games,0.0,0.01,0.0,0.0,0.01,82,67,8.2,73
Ceville,PC,9.0,2009,3,27,15049,Action,Kalypso Media,0.0,0.02,0.0,0.0,0.02,73,17,8.2,21
Tom Clancy's HAWX,PC,6.7,2009,3,18,13485,Action,Ubisoft,0.0,0.03,0.0,0.01,0.04,73,64,7.3,51
Men of War,PC,8.0,2009,3,17,14302,Strategy,505 Games,0.01,0.02,0.0,0.01,0.03,80,22,8.1,136
The Last Remnant,PC,6.8,2009,3,20,16028,Role-Playing,Square Enix,0.0,0.01,0.0,0.0,0.01,66,23,8.3,240
Stormrise,PC,2.1,2009,4,3,15294,Strategy,Sega,0.0,0.02,0.0,0.0,0.02,51,28,5.3,20
Braid,PC,8.8,2009,4,13,14529,Platform,Number None,0.0,0.02,0.0,0.01,0.03,90,11,8.6,819
Monsters vs. Aliens,PC,5.0,2009,4,3,14630,Action,Activision,0.01,0.01,0.0,0.0,0.03,47,8,tbd,
Company of Heroes: Tales of Valor,PC,7.0,2009,4,14,13635,Strategy,THQ,0.0,0.03,0.0,0.01,0.04,70,42,7.2,204
BattleForge,PC,6.6,2009,4,1,16189,Strategy,Electronic Arts,0.0,0.01,0.0,0.0,0.01,75,37,7,112
The Chronicles of Riddick: Assault on Dark Athena,PC,7.4,2009,3,31,16286,Shooter,Vivendi Games,0.0,0.01,0.0,0.0,0.01,82,67,8.2,73
Demigod,PC,7.5,2009,4,17,14976,Strategy,Atari,0.0,0.02,0.0,0.0,0.02,76,50,7.9,183
Elven Legacy,PC,7.7,2009,4,15,15872,Strategy,Paradox Interactive,0.01,0.0,0.0,0.0,0.02,71,27,7.1,38
Plants vs. Zombies,PC,9.0,2009,5,5,13034,Strategy,PopCap Games,0.0,0.04,0.0,0.01,0.05,87,41,8.9,891
Battlestations: Pacific,PC,7.7,2009,5,19,14872,Strategy,Eidos Interactive,0.0,0.02,0.0,0.0,0.03,76,48,7.4,41
The Sims 3,PC,8.9,2009,6,1,84,Simulation,Electronic Arts,0.98,6.42,0.0,0.71,8.11,86,75,7.6,886
Damnation,PC,2.5,2009,6,15,16580,Shooter,Codemasters,0.0,0.01,0.0,0.0,0.01,36,36,2.8,40
Still Life 2,PC,7.5,2009,6,17,15770,Adventure,Rondomedia,0.0,0.01,0.0,0.0,0.02,67,15,5.7,54
Overlord II,PC,6.3,2009,6,25,14217,Action,Codemasters,0.0,0.03,0.0,0.01,0.03,75,60,7.2,46
Harry Potter and the Half-Blood Prince,PC,7.5,2009,7,2,14416,Action,Electronic Arts,0.0,0.03,0.0,0.01,0.03,60,35,6,8
Fuel,PC,5.1,2009,7,8,15193,Racing,Codemasters,0.0,0.02,0.0,0.0,0.02,66,45,7,45
ArmA II,PC,7.8,2009,7,2,9048,Shooter,505 Games,0.0,0.12,0.0,0.03,0.14,77,38,7.5,589
Ice Age: Dawn of the Dinosaurs,PC,6.5,2009,7,8,15130,Action,Activision,0.02,0.0,0.0,0.0,0.02,54,4,tbd,
Call of Juarez: Bound in Blood,PC,7.7,2009,6,30,14222,Shooter,Ubisoft,0.0,0.03,0.0,0.01,0.03,78,47,7.8,91
Dawn of Discovery,PC,8.2,2009,7,15,4938,Simulation,Ubisoft,0.0,0.32,0.0,0.07,0.39,82,32,8.8,132
East India Company,PC,7.7,2009,7,30,16073,Strategy,Paradox Interactive,0.01,0.0,0.0,0.0,0.01,67,28,5.7,49
Trine,PC,8.2,2009,8,6,16512,Action,Nobilis,0.0,0.01,0.0,0.0,0.01,80,50,8.2,488
Hearts of Iron III,PC,8.5,2009,8,13,11993,Strategy,Paradox Interactive,0.01,0.04,0.0,0.01,0.07,77,23,7.1,233
Wolfenstein,PC,7.3,2009,8,20,13408,Shooter,Activision,0.01,0.03,0.0,0.01,0.05,71,58,7.4,77
Red Faction: Guerrilla,PC,8.0,2009,9,16,14207,Shooter,THQ,0.0,0.03,0.0,0.01,0.03,85,84,8.1,237
Majesty 2: The Fantasy Kingdom Sim,PC,7.5,2009,9,15,15877,Simulation,Paradox Interactive,0.01,0.0,0.0,0.0,0.02,72,31,7.3,129
Section 8,PC,8.0,2009,9,8,14450,Shooter,SouthPeak Games,0.01,0.01,0.0,0.0,0.03,69,49,7.3,59
Batman: Arkham Asylum,PC,9.3,2009,9,11,5608,Action,Eidos Interactive,0.0,0.27,0.0,0.05,0.32,91,70,8.9,1122
Resident Evil 5,PC,9.3,2009,9,10,12096,Action,Capcom,0.01,0.04,0.0,0.01,0.07,84,76,7.5,667
Order of War,PC,8.0,2009,9,25,15252,Strategy,Square Enix,0.0,0.01,0.0,0.0,0.02,69,39,7.3,73
Mini Ninjas,PC,8.0,2009,10,6,15444,Action,Eidos Interactive,0.0,0.02,0.0,0.0,0.02,79,9,8.3,12
Risen,PC,8.6,2009,10,9,9110,Role-Playing,Deep Silver,0.0,0.11,0.0,0.03,0.14,60,37,6.4,77
Operation Flashpoint: Dragon Rising,PC,8.2,2009,10,8,13183,Shooter,Codemasters,0.01,0.03,0.0,0.01,0.05,77,47,7.8,112
Tropico 3,PC,8.4,2009,10,16,13430,Strategy,Kalypso Media,0.0,0.04,0.0,0.01,0.05,75,33,6.6,22
Machinarium,PC,8.1,2009,10,20,10176,Adventure,Daedalic,0.0,0.09,0.0,0.02,0.11,85,47,8.8,526
FIFA Soccer 10,PC,7.0,2009,10,21,13276,Sports,Electronic Arts,0.0,0.04,0.0,0.01,0.05,91,56,7.6,203
Dragon Age: Origins,PC,9.0,2009,11,3,3880,Role-Playing,Electronic Arts,0.0,0.46,0.0,0.06,0.51,86,68,7.9,725
Call of Duty: Modern Warfare 2,PC,9.5,2009,11,10,2349,Shooter,Activision,0.01,0.79,0.0,0.09,0.89,94,100,6.3,2698
LEGO Indiana Jones 2: The Adventure Continues,PC,6.0,2009,11,18,13191,Action,Activision,0.02,0.03,0.0,0.01,0.05,72,13,6.1,14
Torchlight,PC,8.6,2009,11,18,11748,Role-Playing,JoWood Productions,0.0,0.06,0.0,0.02,0.07,83,57,8,794
The Sims 3: World Adventures,PC,8.3,2009,11,17,3455,Simulation,Electronic Arts,0.02,0.18,0.0,0.39,0.58,81,31,8,72
Left 4 Dead 2,PC,9.0,2009,11,16,5160,Shooter,Valve Software,0.0,0.32,0.0,0.04,0.37,89,76,8.6,681
The Stronghold Collection,PC,7.0,2009,11,20,9638,Strategy,Take-Two Interactive,0.03,0.08,0.0,0.02,0.13,,,tbd,
WorldShift,PC,5.0,2009,11,20,15574,Strategy,Playlogic Game Factory,0.02,0.0,0.0,0.0,0.02,63,9,8.1,8
Avatar: The Game,PC,6.8,2009,12,1,13432,Action,Ubisoft,0.0,0.04,0.0,0.01,0.05,,,,
Mass Effect 2,PC,9.6,2010,1,22,4869,Role-Playing,Electronic Arts,0.01,0.32,0.0,0.07,0.4,96,98,8.9,3143
Blood Bowl,PC,6.4,2010,1,29,13852,Sports,Focus Home Interactive,0.01,0.02,0.0,0.01,0.04,61,28,5.1,19
Dark Void,PC,5.0,2010,1,20,15792,Action,Capcom,0.0,0.01,0.0,0.0,0.02,59,50,6,36
Divinity II: Ego Draconis,PC,7.0,2010,1,15,11721,Role-Playing,DTP Entertainment,0.01,0.05,0.0,0.01,0.08,62,37,6.4,36
Borderlands,PC,8.8,2010,2,26,8035,Shooter,Take-Two Interactive,0.01,0.14,0.0,0.04,0.18,84,83,8.2,715
Supreme Commander 2,PC,8.4,2010,3,3,7800,Strategy,Square Enix,0.0,0.15,0.0,0.04,0.19,75,28,7.1,23
Assassin's Creed II,PC,8.9,2010,3,12,3528,Action,Ubisoft,0.01,0.45,0.0,0.11,0.57,86,22,6.9,1611
Napoleon: Total War,PC,8.9,2010,2,18,3075,Strategy,Sega,0.02,0.52,0.0,0.12,0.66,81,56,7.9,515
Star Trek Online,PC,6.8,2010,2,17,14984,Role-Playing,Atari,0.0,0.02,0.0,0.0,0.02,66,34,6.2,694
Battlefield: Bad Company 2,PC,8.9,2010,3,2,2858,Shooter,Electronic Arts,0.19,0.53,0.0,0.0,0.71,88,75,8.6,869
Just Cause 2,PC,8.8,2010,3,23,9549,Action,Square Enix,0.0,0.1,0.0,0.03,0.13,83,66,8,291
Command & Conquer 4: Tiberian Twilight,PC,7.4,2010,3,18,15821,Strategy,Electronic Arts,0.0,0.01,0.0,0.0,0.02,,,,
Metro 2033,PC,6.9,2010,3,19,6839,Shooter,THQ,0.0,0.19,0.0,0.05,0.24,77,83,7.9,351
The Settlers 7: Paths to a Kingdom,PC,6.0,2010,4,6,5621,Strategy,Ubisoft,0.0,0.26,0.0,0.06,0.32,79,33,5.2,213
Mount & Blade: Warband,PC,8.1,2010,4,13,15436,Role-Playing,Paradox Interactive,0.01,0.01,0.0,0.0,0.02,,,,
LEGO Harry Potter: Years 1-4,PC,8.5,2010,6,29,14963,Action,Warner Bros. Interactive Entertainment,0.01,0.01,0.0,0.0,0.02,79,13,8,34
Singularity,PC,7.0,2010,6,29,13136,Shooter,Mastertronic,0.0,0.04,0.0,0.01,0.05,76,36,7.7,326
Split/Second,PC,8.5,2010,5,25,13539,Racing,Disney Interactive Studios,0.0,0.04,0.0,0.01,0.04,,,,
Age of Conan: Rise of the Godslayer,PC,7.9,2010,6,1,14656,Role-Playing,Funcom,0.0,0.02,0.0,0.0,0.03,83,14,8.4,52
Alpha Protocol,PC,6.3,2010,6,1,14053,Role-Playing,Sega,0.0,0.03,0.0,0.01,0.04,64,49,6.9,117
Blur,PC,7.0,2010,6,2,12385,Racing,Activision,0.01,0.04,0.0,0.01,0.06,81,58,8.2,86
Prince of Persia: The Forgotten Sands,PC,8.0,2010,6,9,14241,Action,Ubisoft,0.0,0.03,0.0,0.0,0.03,75,49,7.6,120
The Sims 3: Ambitions,PC,8.0,2010,6,1,4194,Simulation,Electronic Arts,0.0,0.29,0.0,0.18,0.47,74,25,7.3,51
Sniper: Ghost Warrior,PC,5.0,2010,7,7,8654,Shooter,City Interactive,0.0,0.13,0.0,0.03,0.16,45,39,5.8,89
Tom Clancy's Splinter Cell: Conviction,PC,8.5,2010,7,14,10349,Action,Ubisoft,0.0,0.08,0.0,0.02,0.11,,,,
Kane & Lynch 2: Dog Days,PC,7.0,2010,8,25,11933,Shooter,Square Enix,0.0,0.06,0.0,0.01,0.07,,,,
Disciples III: Renaissance,PC,6.0,2010,8,31,15728,Strategy,Kalypso Media,0.0,0.01,0.0,0.0,0.02,56,36,5.4,105
Mafia II,PC,7.0,2010,8,23,4841,Action,Take-Two Interactive,0.17,0.17,0.0,0.06,0.4,74,79,7.8,458
Fallout: New Vegas,PC,9.0,2010,10,19,1743,Role-Playing,Bethesda Softworks,0.58,0.45,0.0,0.14,1.16,84,81,8.1,769
Lost Planet 2,PC,6.0,2010,10,18,14791,Shooter,Capcom,0.0,0.02,0.0,0.01,0.03,68,56,6.9,62
Sid Meier's Civilization V,PC,9.0,2010,9,20,1071,Strategy,Take-Two Interactive,0.98,0.52,0.0,0.19,1.69,90,70,7.9,2280
NBA 2K11,PC,8.0,2010,10,8,7881,Action,Take-Two Interactive,0.18,0.0,0.0,0.01,0.19,89,50,8.1,100
Front Mission Evolved,PC,6.0,2010,10,1,12873,Shooter,Square Enix,0.05,0.0,0.0,0.0,0.05,58,42,6,30
Medal of Honor,PC,6.5,2010,10,12,4050,Shooter,Electronic Arts,0.2,0.23,0.0,0.07,0.49,75,56,7.5,286
R.U.S.E.,PC,8.5,2010,9,24,6254,Strategy,Ubisoft,0.04,0.19,0.0,0.05,0.28,76,37,7.3,50
Darksiders,PC,8.0,2010,9,23,8795,Action,THQ,0.07,0.06,0.0,0.02,0.15,83,81,7.9,292
Worms Reloaded,PC,8.5,2010,9,30,13230,Strategy,Team17 Software,0.0,0.04,0.0,0.01,0.05,79,28,6.8,185
Dead Rising 2,PC,8.0,2010,9,30,9255,Action,Capcom,0.1,0.02,0.0,0.01,0.14,79,76,6.9,216
FIFA Soccer 11,PC,8.0,2010,10,22,8096,Sports,Electronic Arts,0.0,0.14,0.0,0.04,0.18,89,51,8,233
Need for Speed: Hot Pursuit,PC,9.0,2010,11,30,5073,Racing,Electronic Arts,0.12,0.2,0.0,0.06,0.38,89,59,7.2,301
James Bond 007: Blood Stone,PC,5.0,2010,11,2,15608,Shooter,Activision,0.02,0.0,0.0,0.0,0.02,65,49,7.4,45
Cities XL 2011,PC,7.0,2010,11,16,15034,Simulation,Focus Home Interactive,0.0,0.02,0.0,0.0,0.02,70,17,5.7,39
Divinity II: Flames of Vengeance,PC,6.0,2010,12,9,14784,Role-Playing,DTP Entertainment,0.0,0.02,0.0,0.01,0.03,72,4,8.3,15
Bejeweled 3,PC,8.0,2010,12,7,11379,Puzzle,PopCap Games,0.02,0.05,0.0,0.01,0.08,82,27,8.1,86
Star Wars: The Force Unleashed II,PC,6.5,2010,10,27,14532,Action,LucasArts,0.03,0.0,0.0,0.0,0.03,63,41,6.8,121
Create,PC,6.0,2010,12,4,12549,Action,Electronic Arts,0.04,0.01,0.0,0.01,0.06,62,7,tbd,
Dead Space 2,PC,9.0,2011,1,21,5575,Shooter,Electronic Arts,0.13,0.15,0.0,0.05,0.33,90,83,8.6,679
Dungeons,PC,6.5,2011,2,25,10841,Strategy,Kalypso Media,0.07,0.02,0.0,0.01,0.09,65,35,4.6,106
World of Warcraft: Cataclysm,PC,9.0,2010,12,22,801,Role-Playing,Activision,1.77,0.32,0.0,0.0,2.08,90,53,5.6,953
Breach,PC,6.0,2011,2,7,16588,Shooter,Destineer,0.01,0.0,0.0,0.0,0.01,61,12,5.8,43
Two Worlds II,PC,6.0,2011,2,3,7523,Role-Playing,Unknown,0.09,0.09,0.0,0.03,0.2,67,50,6.6,140
Magicka,PC,7.0,2011,1,28,14704,Role-Playing,Paradox Interactive,0.0,0.02,0.0,0.01,0.03,74,44,7.6,602
Venetica,PC,6.0,2011,1,28,12922,Role-Playing,DTP Entertainment,0.0,0.04,0.0,0.01,0.05,61,17,6.8,51
DC Universe Online,PC,7.0,2011,1,28,6952,Role-Playing,Sony Online Entertainment,0.16,0.06,0.0,0.02,0.24,67,46,7.4,139
Bulletstorm,PC,8.0,2011,2,22,8618,Shooter,Electronic Arts,0.07,0.07,0.0,0.02,0.16,84,83,7.6,439
Homefront,PC,7.0,2011,3,15,6796,Shooter,THQ,0.11,0.1,0.0,0.03,0.24,70,85,6,399
Crysis 2,PC,9.0,2011,3,22,2781,Action,Electronic Arts,0.16,0.45,0.0,0.13,0.74,84,72,7.5,533
Dragon Age II,PC,8.5,2011,3,8,3156,Action,Electronic Arts,0.23,0.33,0.0,0.09,0.64,79,75,4.5,2380
Assassin's Creed: Brotherhood,PC,8.0,2011,3,17,3392,Action,Ubisoft,0.15,0.34,0.0,0.1,0.59,88,24,8.2,1102
LEGO Star Wars III: The Clone Wars,PC,7.5,2011,3,23,6598,Action,LucasArts,0.1,0.13,0.0,0.03,0.26,76,7,7.7,10
Cities in Motion,PC,7.0,2011,3,22,12964,Simulation,Paradox Interactive,0.0,0.04,0.0,0.01,0.05,70,20,7.7,105
Total War: Shogun 2,PC,9.0,2011,3,16,3400,Strategy,Sega,0.19,0.31,0.0,0.09,0.59,90,62,8.3,1180
Brink,PC,6.5,2011,5,10,8132,Shooter,Bethesda Softworks,0.06,0.09,0.0,0.03,0.18,68,85,5.8,404
Gray Matter,PC,7.5,2011,4,27,11211,Adventure,DTP Entertainment,0.02,0.05,0.0,0.01,0.09,72,27,7.7,80
Darkspore,PC,7.0,2011,4,26,9972,Role-Playing,Electronic Arts,0.07,0.03,0.0,0.01,0.12,65,52,6,133
Operation Flashpoint: Red River,PC,7.5,2011,4,21,11918,Shooter,Codemasters,0.01,0.04,0.0,0.01,0.07,67,36,6.3,18
Portal 2,PC,9.5,2011,4,18,2701,Shooter,Valve Software,0.33,0.32,0.0,0.11,0.76,95,66,8.5,997
Fable III,PC,6.0,2011,5,17,5700,Role-Playing,Microsoft Game Studios,0.09,0.17,0.0,0.05,0.32,75,39,5.4,555
Terraria,PC,9.0,2011,5,25,8846,Action,Unknown,0.0,0.13,0.0,0.02,0.15,83,29,8.5,1613
Duke Nukem Forever,PC,5.5,2011,6,14,4764,Shooter,Take-Two Interactive,0.18,0.17,0.0,0.06,0.41,49,76,4.4,456
The Witcher 2: Assassins of Kings,PC,9.0,2011,5,24,2170,Action,Namco Bandai Games,0.25,0.56,0.0,0.15,0.96,88,76,8.5,4378
The First Templar,PC,4.0,2011,5,24,11544,Action,Kalypso Media,0.06,0.01,0.0,0.01,0.08,52,21,6.3,26
Red Faction: Armageddon,PC,7.0,2011,6,13,11181,Shooter,THQ,0.05,0.02,0.0,0.01,0.09,71,52,7.3,58
Hunted: The Demon's Forge,PC,6.0,2011,6,3,12948,Action,Bethesda Softworks,0.03,0.01,0.0,0.01,0.05,57,34,6.2,70
Alice: Madness Returns,PC,6.5,2011,6,16,9789,Adventure,Electronic Arts,0.0,0.1,0.0,0.02,0.12,70,51,7.9,181
The Sims 3: Generations,PC,7.0,2011,5,31,3220,Simulation,Electronic Arts,0.4,0.23,0.0,0.0,0.63,70,22,3.6,81
F.E.A.R. 3,PC,8.0,2011,6,21,8727,Shooter,Warner Bros. Interactive Entertainment,0.04,0.08,0.0,0.03,0.15,74,48,7.1,103
Dungeon Siege III,PC,6.5,2011,6,21,8251,Role-Playing,Square Enix,0.08,0.08,0.0,0.02,0.17,71,52,6.3,86
Trapped Dead,PC,4.0,2011,8,12,15420,Strategy,Iceberg Interactive,0.0,0.02,0.0,0.0,0.02,50,14,4.7,57
World of Tanks,PC,7.5,2011,7,21,6034,Shooter,Wargaming.net,0.0,0.23,0.0,0.06,0.29,80,38,3.7,1466
Age of Empires Online,PC,7.0,2011,8,24,12362,Strategy,Microsoft Game Studios,0.01,0.04,0.0,0.01,0.06,70,44,5.6,186
Deus Ex: Human Revolution,PC,9.0,2011,8,23,3432,Shooter,Square Enix,0.25,0.25,0.0,0.09,0.59,89,70,8.3,684
Tropico 4,PC,8.5,2011,9,13,6343,Strategy,Kalypso Media,0.1,0.13,0.0,0.04,0.27,78,46,7.7,359
"Warhammer 40,000: Space Marine",PC,7.5,2011,9,8,7534,Shooter,THQ,0.09,0.09,0.0,0.03,0.2,76,57,7.8,232
Dead Island,PC,8.0,2011,9,7,7267,Action,Deep Silver,0.12,0.07,0.0,0.03,0.22,71,75,6.9,627
IL-2 Sturmovik: Cliffs of Dover,PC,6.0,2011,9,6,12838,Simulation,Ubisoft,0.0,0.04,0.0,0.01,0.05,60,13,7.1,114
Driver: San Francisco,PC,8.0,2011,8,26,8058,Racing,Ubisoft,0.05,0.1,0.0,0.03,0.18,79,53,7.7,114
The Sims Medieval: Pirates and Nobles,PC,5.5,2011,9,21,8824,Simulation,Electronic Arts,0.05,0.08,0.0,0.02,0.15,,,,
Red Orchestra 2: Heroes of Stalingrad,PC,8.0,2011,9,21,9316,Shooter,Tripwire Interactive,0.04,0.07,0.0,0.02,0.14,76,49,7.3,729
Call of Juarez: The Cartel,PC,4.5,2011,9,16,10248,Shooter,Ubisoft,0.05,0.05,0.0,0.01,0.11,45,42,5.5,74
Rage,PC,8.5,2011,10,4,5120,Shooter,Bethesda Softworks,0.14,0.18,0.0,0.06,0.37,81,77,6.7,559
Dead Rising 2: Off the Record,PC,7.0,2011,10,11,12481,Action,Capcom,0.04,0.02,0.0,0.01,0.06,72,31,7.1,35
A Game of Thrones: Genesis,PC,6.0,2011,10,14,14078,Strategy,Focus Home Interactive,0.0,0.03,0.0,0.01,0.04,53,40,4,110
The Binding of Isaac,PC,7.5,2011,10,11,14252,Action,Unknown,0.0,0.03,0.0,0.0,0.03,84,30,8.3,1010
Battlefield 3,PC,9.0,2011,10,24,534,Shooter,Electronic Arts,0.89,1.43,0.0,0.48,2.79,84,57,7.4,2142
Off-Road Drive,PC,5.0,2011,10,13,13726,Racing,1C Company,0.0,0.03,0.0,0.01,0.04,60,10,6.4,17
Football Manager 2012,PC,9.0,2011,10,17,1246,Sports,Sega,0.02,1.16,0.0,0.34,1.51,84,45,8,172
Might & Magic Heroes VI,PC,8.0,2011,10,25,5702,Role-Playing,Ubisoft,0.12,0.14,0.0,0.05,0.31,,,,
The Lord of the Rings: War in the North,PC,7.0,2011,11,1,7998,Action,Warner Bros. Interactive Entertainment,0.04,0.11,0.0,0.03,0.18,66,21,7.1,289
Dungeon Defenders,PC,8.5,2011,11,1,15270,Role-Playing,Unknown,0.02,0.0,0.0,0.0,0.02,81,26,7.3,399
Call of Duty: Modern Warfare 3,PC,9.0,2011,11,9,1039,Shooter,Activision,0.41,0.98,0.0,0.33,1.72,88,81,3.4,8713
Sonic Generations,PC,8.5,2011,11,5,10268,Platform,Sega,0.02,0.07,0.0,0.02,0.11,76,38,8.2,253
Stronghold 3,PC,5.5,2011,11,4,8505,Strategy,N/A,0.06,0.1,0.0,0.0,0.16,47,29,3,350
Serious Sam 3: BFE,PC,7.0,2011,12,1,11521,Shooter,Mastertronic,0.01,0.05,0.0,0.01,0.08,72,53,8.2,586
The Elder Scrolls V: Skyrim,PC,9.5,2011,11,10,311,Role-Playing,Bethesda Softworks,1.15,2.09,0.0,0.64,3.88,96,89,8.4,3589
Batman: Arkham City,PC,9.5,2011,11,29,3791,Action,Warner Bros. Interactive Entertainment,0.16,0.28,0.0,0.09,0.53,96,42,8.6,2162
Saints Row: The Third,PC,8.5,2011,11,21,5059,Action,THQ,0.16,0.16,0.0,0.06,0.38,84,70,7.6,490
Trine 2,PC,9.0,2011,12,19,13982,Platform,Focus Home Interactive,0.0,0.03,0.0,0.01,0.04,84,55,8.4,667
Anno 2070,PC,8.5,2011,12,2,1322,Strategy,Ubisoft,0.0,1.13,0.0,0.32,1.45,83,33,7,493
Oil Rush,PC,6.5,2012,1,31,15352,Strategy,Iceberg Interactive,0.0,0.02,0.0,0.0,0.02,67,23,6.5,55
The Darkness II,PC,8.0,2012,2,7,9201,Shooter,Take-Two Interactive,0.1,0.03,0.0,0.01,0.14,80,71,7.5,219
Kingdoms of Amalur: Reckoning,PC,9.0,2012,2,7,5788,Role-Playing,Electronic Arts,0.14,0.13,0.0,0.04,0.31,80,71,7.7,446
Mass Effect 3,PC,9.5,2012,3,12,2133,Role-Playing,Electronic Arts,0.4,0.44,0.0,0.13,0.97,93,74,5.8,3725
Alan Wake,PC,9.0,2012,2,15,12110,Action,Nordic Games,0.0,0.06,0.0,0.01,0.07,83,30,8,1473
Rayman Origins,PC,9.5,2012,3,29,11605,Platform,Ubisoft,0.0,0.06,0.0,0.01,0.08,88,54,8.4,298
Risen 2: Dark Waters,PC,6.5,2012,4,23,7061,Role-Playing,Deep Silver,0.0,0.19,0.0,0.04,0.23,69,51,5.6,751
Max Payne 3,PC,9.0,2012,5,14,4535,Shooter,Take-Two Interactive,0.15,0.22,0.0,0.06,0.43,87,31,7.8,790
Diablo III,PC,9.5,2012,5,14,182,Role-Playing,Activision,2.43,2.15,0.0,0.62,5.2,88,86,4,9629
Botanicula,PC,9.0,2012,4,26,14649,Adventure,Daedalic Entertainment,0.0,0.02,0.0,0.0,0.03,82,38,8.3,341
The Secret World,PC,7.0,2012,7,25,8263,Role-Playing,Funcom,0.07,0.08,0.0,0.02,0.17,74,55,8.2,1326
Crysis 3,PC,8.5,2013,2,19,3134,Shooter,Electronic Arts,0.17,0.39,0.0,0.09,0.64,76,45,6.7,344
BioShock Infinite,PC,9.5,2013,3,21,3036,Shooter,Take-Two Interactive,0.28,0.3,0.0,0.08,0.67,93,33,8.5,1647
Aliens: Colonial Marines,PC,5.0,2013,2,12,8116,Shooter,Sega,0.1,0.06,0.0,0.02,0.18,48,47,3.8,449
StarCraft II: Heart of the Swarm,PC,8.6,2013,3,19,1094,Strategy,Activision,0.82,0.65,0.0,0.19,1.67,86,68,7.9,1346
Sniper: Ghost Warrior 2,PC,5.0,2013,3,19,11312,Shooter,City Interactive,0.02,0.05,0.0,0.01,0.08,52,15,6,82
Defiance,PC,5.9,2013,4,17,7486,Shooter,Trion Worlds,0.14,0.04,0.0,0.02,0.21,60,27,7.2,249
Tomb Raider,PC,9.1,2013,2,25,2024,Action,Eidos Interactive,0.96,0.07,0.0,0.0,1.03,91,13,8.6,147
Star Trek: The Game,PC,4.2,2013,4,26,14705,Action,Namco Bandai Games,0.0,0.02,0.0,0.0,0.03,,,,
Metro: Last Light,PC,7.7,2013,5,14,7746,Action,Deep Silver,0.06,0.11,0.0,0.02,0.19,80,23,8.2,508
Star Wars: The Old Republic,PC,9.0,2013,4,21,480,Role-Playing,Electronic Arts,1.58,1.01,0.0,0.38,2.97,85,73,5.9,2748
Defiance,PC,5.9,2013,4,17,7486,Shooter,Trion Worlds,0.14,0.04,0.0,0.02,0.21,60,27,7.2,249
The Night of the Rabbit,PC,7.9,2013,6,7,13992,Adventure,Daedalic Entertainment,0.0,0.03,0.0,0.0,0.04,75,45,7.5,82
Tom Clancy's Splinter Cell: Blacklist,PC,9.2,2013,8,14,7828,Action,Ubisoft,0.04,0.13,0.0,0.03,0.19,82,58,7.5,383
Company of Heroes 2,PC,8.4,2013,6,26,5244,Strategy,THQ,0.06,0.25,0.0,0.05,0.36,80,82,2.1,6157
Saints Row IV,PC,7.3,2013,8,14,7874,Action,Deep Silver,0.11,0.06,0.0,0.02,0.19,81,42,6.5,325
Lost Planet 3,PC,6.2,2013,8,27,13688,Shooter,Capcom,0.0,0.03,0.0,0.01,0.04,61,30,5.5,102
Total War: Rome II,PC,8.8,2013,9,6,2730,Strategy,Sega,0.12,0.53,0.0,0.11,0.76,76,71,4.2,3742
The Bureau: XCOM Declassified,PC,5.5,2013,8,20,12954,Shooter,Take-Two Interactive,0.0,0.05,0.0,0.01,0.05,69,22,6.7,79
FIFA 14,PC,9.0,2013,9,23,4505,Sports,Electronic Arts,0.01,0.36,0.0,0.06,0.43,86,37,4.3,576
ArmA III,PC,7.0,2013,9,19,9891,Shooter,Bohemia Interactive,0.0,0.1,0.0,0.02,0.12,74,38,7.4,866
Pro Evolution Soccer 2014,PC,8.4,2013,9,18,10060,Action,Konami Digital Entertainment,0.0,0.09,0.0,0.02,0.11,78,39,4.1,303
LEGO Marvel Super Heroes,PC,9.0,2013,10,22,8097,Action,Warner Bros. Interactive Entertainment,0.04,0.12,0.0,0.02,0.18,80,37,7.6,127
Call of Duty: Ghosts,PC,8.8,2013,11,5,2799,Shooter,Activision,0.23,0.41,0.0,0.09,0.73,73,29,2.6,2117
Contrast,PC,7.5,2013,11,13,15863,Platform,Focus Home Interactive,0.0,0.01,0.0,0.0,0.02,62,24,7.7,169
Football Manager 2014,PC,8.0,2013,10,31,2891,Sports,Sega,0.0,0.6,0.0,0.1,0.71,85,41,5.5,275
Assassin's Creed IV: Black Flag,PC,8.5,2013,10,29,2963,Action,Ubisoft,0.22,0.38,0.0,0.1,0.69,88,36,8.1,840
Battlefield 4,PC,8.5,2013,10,29,1388,Shooter,Electronic Arts,0.38,0.86,0.0,0.16,1.4,85,18,6.9,1580
Need for Speed Rivals,PC,8.0,2013,11,20,6355,Racing,Electronic Arts,0.04,0.19,0.0,0.04,0.27,80,53,6.2,667
Batman: Arkham Origins,PC,7.8,2013,10,25,5584,Action,Warner Bros. Interactive Entertainment,0.13,0.16,0.0,0.04,0.32,76,46,7.7,668
Rocksmith 2014,PC,9.0,2013,10,22,3072,Misc,Ubisoft,0.35,0.24,0.0,0.07,0.66,,,,
X Rebirth,PC,4.3,2013,12,2,11341,Simulation,Koch Media,0.0,0.08,0.0,0.01,0.08,33,24,3.3,1340
The LEGO Movie Videogame,PC,6.5,2014,2,13,12266,Action,Warner Bros. Interactive Entertainment,0.02,0.04,0.0,0.01,0.06,69,8,7.2,26
Titanfall,PC,8.9,2014,3,10,3459,Shooter,Electronic Arts,0.21,0.3,0.0,0.07,0.58,86,68,6.4,2658
South Park: The Stick of Truth,PC,9.0,2014,3,4,7684,Role-Playing,Ubisoft,0.07,0.1,0.0,0.02,0.2,85,31,8.5,575
Castlevania: Lords of Shadow 2,PC,6.5,2014,2,25,13827,Action,Konami Digital Entertainment,0.01,0.03,0.0,0.0,0.04,63,55,7.8,528
Dark Souls II,PC,9.0,2014,3,11,8119,Role-Playing,Namco Bandai Games,0.08,0.08,0.0,0.02,0.18,91,69,8.1,1107
The Elder Scrolls Online,PC,7.8,2014,3,31,2317,Role-Playing,Bethesda Softworks,0.32,0.48,0.0,0.09,0.9,71,64,5.7,2421
Trials Fusion,PC,8.2,2014,4,16,14246,Racing,Ubisoft,0.0,0.03,0.0,0.0,0.03,79,51,7.2,244
Divinity: Original Sin,PC,9.0,2014,7,15,15766,Role-Playing,Focus Home Interactive,0.0,0.02,0.0,0.0,0.02,87,59,8.7,2089
Murdered: Soul Suspect,PC,5.5,2014,6,3,12690,Action,Square Enix,0.0,0.05,0.0,0.01,0.06,59,60,6.9,310
Tropico 5,PC,7.2,2014,5,30,9904,Simulation,Kalypso Media,0.02,0.08,0.0,0.01,0.12,75,51,7,351
Watch Dogs,PC,8.4,2014,5,27,4335,Action,Ubisoft,0.14,0.26,0.0,0.05,0.45,80,80,6.3,2996
Wolfenstein: The New Order,PC,7.8,2014,5,20,4246,Shooter,Bethesda Softworks,0.12,0.29,0.0,0.05,0.46,79,73,8.1,1116
Sacred 3,PC,6.5,2014,8,5,15148,Role-Playing,Deep Silver,0.0,0.02,0.0,0.0,0.02,56,13,3.4,46
Risen 3: Titan Lords,PC,5.2,2014,8,12,10840,Role-Playing,Deep Silver,0.0,0.08,0.0,0.01,0.09,65,49,5.7,822
Sherlock Holmes: Crimes & Punishments,PC,7.5,2014,9,30,13052,Adventure,Focus Home Interactive,0.0,0.05,0.0,0.0,0.05,,,,
Wasteland 2,PC,8.4,2014,9,24,10758,Role-Playing,inXile Entertainment,0.02,0.06,0.0,0.01,0.1,,,,
The Sims 4,PC,7.5,2014,9,2,479,Simulation,Electronic Arts,0.96,1.72,0.0,0.29,2.97,70,74,3.9,2057
Borderlands: The Pre-Sequel,PC,8.0,2014,10,13,6073,Shooter,Take-Two Interactive,0.11,0.15,0.0,0.03,0.29,74,16,6.4,161
Football Manager 2015,PC,8.9,2014,11,7,4124,Simulation,Sega,0.0,0.43,0.0,0.05,0.48,80,36,6,151
Alien: Isolation,PC,5.9,2014,10,3,8962,Shooter,Sega,0.0,0.13,0.0,0.01,0.15,79,50,8.1,795
Call of Duty: Advanced Warfare,PC,9.1,2014,11,3,4742,Shooter,Activision,0.14,0.23,0.0,0.04,0.41,83,39,5.7,1443
Pro Evolution Soccer 2015,PC,9.0,2014,11,14,12229,Sports,Konami Digital Entertainment,0.0,0.06,0.0,0.01,0.07,82,56,7.2,386
Lords of the Fallen,PC,7.4,2014,10,28,14472,Role-Playing,Square Enix,0.0,0.03,0.0,0.0,0.03,68,45,6.6,425
Far Cry 4,PC,8.5,2014,11,14,3249,Shooter,Ubisoft,0.15,0.42,0.0,0.05,0.62,85,83,7.7,1653
Sid Meier's Civilization: Beyond Earth,PC,7.9,2014,10,23,5152,Strategy,Take-Two Interactive,0.11,0.22,0.0,0.03,0.37,81,78,5.5,1027
World of Warcraft: Warlords of Draenor,PC,9.0,2014,11,13,4109,Action,Activision Blizzard,0.08,0.36,0.0,0.04,0.48,87,49,5.9,1154
Dragon Age: Inquisition,PC,8.8,2014,11,11,2810,Role-Playing,Electronic Arts,0.32,0.34,0.0,0.07,0.73,89,43,7.4,1984
The Crew,PC,6.0,2014,12,2,8600,Racing,Ubisoft,0.0,0.15,0.0,0.01,0.16,61,60,5.4,575
Evolve,PC,9.0,2015,2,12,8029,Shooter,Take-Two Interactive,0.07,0.1,0.0,0.01,0.18,76,46,4.3,894
Grand Theft Auto V,PC,10.0,2015,4,14,1898,Action,Take-Two Interactive,0.36,0.64,0.0,0.08,1.08,96,57,7.9,3756
Dying Light,PC,8.5,2015,1,27,8077,Action,Warner Bros. Interactive Entertainment,0.11,0.06,0.0,0.02,0.18,74,58,7.9,1287
The Witcher 3: Wild Hunt,PC,9.3,2015,5,12,3028,Role-Playing,Namco Bandai Games,0.2,0.42,0.0,0.05,0.67,92,79,9.2,10179
Wolfenstein: The Old Blood,PC,7.0,2015,5,8,11466,Action,Bethesda Softworks,0.0,0.08,0.0,0.0,0.08,76,54,8,267
Pillars of Eternity,PC,9.0,2015,3,27,15926,Role-Playing,Paradox Interactive,0.0,0.01,0.0,0.0,0.02,89,71,8.3,2191
Project CARS,PC,8.9,2015,5,6,10167,Racing,Slightly Mad Studios,0.0,0.1,0.0,0.01,0.11,83,37,6.6,363
Cities: Skylines,PC,8.5,2015,3,10,9232,Simulation,Paradox Interactive,0.0,0.13,0.0,0.01,0.14,85,60,8.9,1404
Total War: Attila,PC,8.1,2015,2,12,6989,Strategy,Sega,0.09,0.13,0.0,0.02,0.23,80,66,7.3,520
Rocket League,PC,8.0,2015,7,15,15153,Sports,505 Games,0.01,0.01,0.0,0.0,0.02,85,50,8.7,1290
LEGO Jurassic World,PC,7.6,2015,6,22,13912,Action,Warner Bros. Interactive Entertainment,0.0,0.04,0.0,0.0,0.04,70,46,7,80
F1 2015,PC,4.8,2015,7,17,13342,Racing,Codemasters,0.0,0.04,0.0,0.0,0.05,65,46,6.3,43
Fallout 4,PC,9.5,2015,11,9,1632,Role-Playing,Bethesda Softworks,0.5,0.63,0.0,0.1,1.23,87,58,6.5,4228
Rise of the Tomb Raider,PC,9.3,2015,11,9,10733,Adventure,Square Enix,0.0,0.09,0.0,0.01,0.1,,,,
Anno 2205,PC,7.0,2015,11,4,6745,Strategy,Ubisoft,0.02,0.22,0.0,0.01,0.25,72,45,5.9,278
Just Cause 3,PC,8.0,2015,11,30,9138,Action,Square Enix,0.03,0.11,0.0,0.01,0.14,73,42,6.5,403
Might & Magic Heroes VII,PC,6.4,2015,10,2,11214,Strategy,Ubisoft,0.0,0.08,0.0,0.0,0.09,,,,
StarCraft II: Legacy of the Void,PC,8.9,2015,11,21,3890,Strategy,Activision,0.18,0.29,0.0,0.04,0.51,88,62,8.3,833
Plants vs. Zombies: Garden Warfare 2,PC,8.2,2016,2,24,13438,Shooter,Electronic Arts,0.0,0.04,0.0,0.0,0.05,81,29,7.7,111
Resident Evil Zero,PC,6.5,2016,1,19,15440,Action,Capcom,0.01,0.01,0.0,0.0,0.02,,,,
Street Fighter V,PC,8.0,2016,2,15,13046,Fighting,Capcom,0.0,0.05,0.0,0.0,0.05,77,80,3.4,1221
XCOM 2,PC,9.3,2016,2,1,7566,Strategy,Take-Two Interactive,0.09,0.1,0.0,0.02,0.2,88,104,7.1,1221
Metal Gear Solid V: The Phantom Pain,PC,10.0,2015,8,24,11704,Action,Konami Digital Entertainment,0.0,0.07,0.0,0.0,0.08,93,86,8.2,3943
World of Warcraft: Legion,PC,9.1,2016,9,9,6089,Role-Playing,Activision,0.14,0.12,0.0,0.02,0.29,88,62,7.5,535
Tom Clancy's The Division,PC,6.7,2016,3,17,5106,Shooter,Ubisoft,0.2,0.14,0.0,0.03,0.37,80,64,7,2219
Dark Souls III,PC,9.5,2016,4,4,12901,Role-Playing,Namco Bandai Games,0.0,0.05,0.0,0.0,0.05,89,69,8.8,1940
The Technomancer,PC,4.9,2016,6,28,16402,Role-Playing,Focus Home Interactive,0.0,0.01,0.0,0.0,0.01,60,38,6.7,116
Homefront: The Revolution,PC,5.0,2016,5,17,15342,Shooter,Deep Silver,0.0,0.02,0.0,0.0,0.02,48,43,3.8,212
Stellaris,PC,6.3,2016,5,9,14638,Strategy,Paradox Interactive,0.0,0.03,0.0,0.0,0.03,78,57,8,569
Mirror's Edge Catalyst,PC,6.8,2016,6,6,13102,Platform,Electronic Arts,0.01,0.03,0.0,0.01,0.05,69,50,4.7,578
Battleborn,PC,7.1,2016,5,6,12007,Shooter,Take-Two Interactive,0.03,0.03,0.0,0.01,0.07,68,55,6.8,402
Hearts of Iron IV,PC,9.0,2016,6,6,14386,Strategy,Paradox Interactive,0.0,0.03,0.0,0.0,0.03,83,36,6.9,306
Overwatch,PC,9.4,2016,5,28,4511,Shooter,Activision,0.22,0.18,0.0,0.04,0.43,90,31,6.1,1358
Deus Ex: Mankind Divided,PC,9.2,2016,8,19,15412,Role-Playing,Square Enix,0.0,0.02,0.0,0.0,0.02,84,59,7.6,511
